objectid,parentid,item_code,title,commonname,class,order,suborder,family,bone_type,notes,location,subject,cabinet,source,rights,rightsstatement,type,format,group,display_template,language,object_location,image_small,image_thumb,
oc001,,SC 1474,Atractosteus tristoechus,Cuban Gar,Actinopterygii,Semionotiformes,n/a,Lepidosteidae,Full Mounted Skeleton ,,,Fish;Mounted;Full Skeleton,,,,,Image;StillImage,image/jpg,artifact,compound_object,,/objects/sc1474.png,/objects/small/sc1474_sm.jpg,/objects/thumbs/sc1474_th.jpg,
oc002,oc001,,,,,,,,,,,,,,,,Image;StillImage,image/jpg,artifact,artifact_image,,/objects/sc1474.png,/objects/small/sc1474_sm.jpg,/objects/thumbs/sc1474_th.jpg,
oc003,oc001,,,,,,,,,,,,,,,,Image;StillImage,image/jpg,artifact,artifact_image,,/objects/sc1474r.png,/objects/small/sc1474r_sm.jpg,/objects/thumbs/sc1474r_th.jpg,
oc004,oc001,,,,,,,,,,,,,,,,Image;StillImage,image/jpg,artifact,artifact_image,,/objects/sc1474b.png,/objects/small/sc1474b_sm.jpg,/objects/thumbs/sc1474b_th.jpg,
oc005,,SC 1475,Atractosteus tristoechus,Cuban Gar,Actinopterygii,Semionotiformes,n/a,Lepidosteidae,"Skull, mandible ",Mandible broken ,,Fish;Skull;Mandible,,,,,Image;StillImage,image/jpg,artifact,compound_object,,/objects/sc1475.png,/objects/small/sc1475_sm.jpg,/objects/thumbs/sc1475_th.jpg,
oc006,oc005,,,,,,,,,,,,,,,,Image;StillImage,image/jpg,artifact,artifact_image,,/objects/sc1475.png,/objects/small/sc1475_sm.jpg,/objects/thumbs/sc1475_th.jpg,
oc007,oc005,,,,,,,,,,,,,,,,Image;StillImage,image/jpg,artifact,artifact_image,,/objects/sc1475r.png,/objects/small/sc1475r_sm.jpg,/objects/thumbs/sc1475r_th.jpg,
oc008,,SC 1518,Amia calva,Bowfin,Actinopterygii,Amiiformes,Amiioidei,Amiidae,Caudal Fin bones,,,Fish;Fin Bones,,,,,Image;StillImage,image/jpg,artifact,compound_object,,/objects/sc1518.png,/objects/small/sc1518_sm.jpg,/objects/thumbs/sc1518_th.jpg,
oc009,oc008,,,,,,,,,,,,,,,,Image;StillImage,image/jpg,artifact,artifact_image,,/objects/sc1518.png,/objects/small/sc1518_sm.jpg,/objects/thumbs/sc1518_th.jpg,
oc010,oc008,,,,,,,,,,,,,,,,Image;StillImage,image/jpg,artifact,artifact_image,,/objects/sc1518r.png,/objects/small/sc1518r_sm.jpg,/objects/thumbs/sc1518r_th.jpg,
oc011,,SC 1514,Actinopterygii sp. ,,Actinopterygii,,n/a,,Mounted Skull ,Species determination uncertain ,,Fish;Mounted;Skull,,,,,Image;StillImage,image/jpg,artifact,compound_object,,/objects/sc1514.png,/objects/small/sc1514_sm.jpg,/objects/thumbs/sc1514_th.jpg,
oc012,oc011,,,,,,,,,,,,,,,,Image;StillImage,image/jpg,artifact,artifact_image,,/objects/sc1514.png,/objects/small/sc1514_sm.jpg,/objects/thumbs/sc1514_th.jpg,
oc013,oc011,,,,,,,,,,,,,,,,Image;StillImage,image/jpg,artifact,artifact_image,,/objects/sc1514f.png,/objects/small/sc1514f_sm.jpg,/objects/thumbs/sc1514f_th.jpg,
oc014,oc011,,,,,,,,,,,,,,,,Image;StillImage,image/jpg,artifact,artifact_image,,/objects/sc1514t.png,/objects/small/sc1514t_sm.jpg,/objects/thumbs/sc1514t_th.jpg,
oc015,oc011,,,,,,,,,,,,,,,,Image;StillImage,image/jpg,artifact,artifact_image,,/objects/sc1514r.png,/objects/small/sc1514r_sm.jpg,/objects/thumbs/sc1514r_th.jpg,
oc016,,SC 1515,Actinopterygii sp. ,,Actinopterygii,,n/a,,Mounted Skeleton ,Species determination uncertain ,,Fish;Mounted;Skeleton,,,,,Image;StillImage,image/jpg,artifact,compound_object,,/objects/sc1515.png,/objects/small/sc1515_sm.jpg,/objects/thumbs/sc1515_th.jpg,
oc017,oc016,,,,,,,,,,,,,,,,Image;StillImage,image/jpg,artifact,artifact_image,,/objects/sc1515.png,/objects/small/sc1515_sm.jpg,/objects/thumbs/sc1515_th.jpg,
oc018,oc016,,,,,,,,,,,,,,,,Image;StillImage,image/jpg,artifact,artifact_image,,/objects/sc1515r.png,/objects/small/sc1515r_sm.jpg,/objects/thumbs/sc1515r_th.jpg,
oc019,,SC 1517,Gadus morhua,Atlantic Cod,Actinopterygii,Gadiformes,Gadoidei,Gadidae,Pectoral and Pactoral girdles ,,,Fish;Fin Bones,,,,,Image;StillImage,image/jpg,artifact,compound_object,,/objects/sc1517.png,/objects/small/sc1517_sm.jpg,/objects/thumbs/sc1517_th.jpg,
oc020,oc019,,,,,,,,,,,,,,,,Image;StillImage,image/jpg,artifact,artifact_image,,/objects/sc1517.png,/objects/small/sc1517_sm.jpg,/objects/thumbs/sc1517_th.jpg,
oc021,oc019,,,,,,,,,,,,,,,,Image;StillImage,image/jpg,artifact,artifact_image,,/objects/sc1517r.png,/objects/small/sc1517r_sm.jpg,/objects/thumbs/sc1517r_th.jpg,
oc022,,SC 1519,Actinopterygii sp. ,,Actinopterygii,,n/a,,Vertebrae ,Vertebrae of various fish species ,,Fish;Vertebrae,,,,,Image;StillImage,image/jpg,artifact,compound_object,,/objects/sc1519.png,/objects/small/sc1519_sm.jpg,/objects/thumbs/sc1519_th.jpg,
oc023,oc022,,,,,,,,,,,,,,,,Image;StillImage,image/jpg,artifact,artifact_image,,/objects/sc1519.png,/objects/small/sc1519_sm.jpg,/objects/thumbs/sc1519_th.jpg,
oc024,oc022,,,,,,,,,,,,,,,,Image;StillImage,image/jpg,artifact,artifact_image,,/objects/sc1519r.png,/objects/small/sc1519r_sm.jpg,/objects/thumbs/sc1519r_th.jpg,
oc025,,SC 2009,Lutjanus cyanopterus,Cubera Snapper,Actinopterygii,Lutjaniformes,Percoidei,Lutjanidae,Neurocranium ,Species identification uncertain ,,Fish;Skull;Neurocranium,,,,,Image;StillImage,image/jpg,artifact,compound_object,,/objects/sc2009.png,/objects/small/sc2009_sm.jpg,/objects/thumbs/sc2009_th.jpg,
oc026,oc025,,,,,,,,,,,,,,,,Image;StillImage,image/jpg,artifact,artifact_image,,/objects/sc2009.png,/objects/small/sc2009_sm.jpg,/objects/thumbs/sc2009_th.jpg,
oc027,oc025,,,,,,,,,,,,,,,,Image;StillImage,image/jpg,artifact,artifact_image,,/objects/sc2009r.png,/objects/small/sc2009r_sm.jpg,/objects/thumbs/sc2009r_th.jpg,
oc028,,SC 1516,Carcharhinus leucas,Bull shark,Actinopterygii,Carcharhiniformes,n/a,Carcharhinidae,Mounted Jaw bones ,Species Determination uncertain ,,Shark;Mounted;Jaw,,,,,Image;StillImage,image/jpg,artifact,compound_object,,/objects/sc1516.png,/objects/small/sc1516_sm.jpg,/objects/thumbs/sc1516_th.jpg,
oc029,oc028,,,,,,,,,,,,,,,,Image;StillImage,image/jpg,artifact,artifact_image,,/objects/sc1516.png,/objects/small/sc1516_sm.jpg,/objects/thumbs/sc1516_th.jpg,
oc030,oc028,,,,,,,,,,,,,,,,Image;StillImage,image/jpg,artifact,artifact_image,,/objects/sc1516r.png,/objects/small/sc1516r_sm.jpg,/objects/thumbs/sc1516r_th.jpg,
oc031,,SC 2004,Otodus megalodon,Megalodon,Chondrichthyes,Lamniformes,Selachii,Otodontidae,Fossilized Tooth,"Period: Miocene, Formation: Phosphate Beds, Found in South Florida",,Shark;Tooth;Fossil,,,,,Image;StillImage,image/jpg,artifact,compound_object,,/objects/sc2004.png,/objects/small/sc2004_sm.jpg,/objects/thumbs/sc2004_th.jpg,
oc032,oc031,,,,,,,,,,,,,,,,Image;StillImage,image/jpg,artifact,artifact_image,,/objects/sc2004.png,/objects/small/sc2004_sm.jpg,/objects/thumbs/sc2004_th.jpg,
oc033,oc031,,,,,,,,,,,,,,,,Image;StillImage,image/jpg,artifact,artifact_image,,/objects/sc2004r.png,/objects/small/sc2004r_sm.jpg,/objects/thumbs/sc2004r_th.jpg,
oc034,,SC 2005,Otodus megalodon,Megalodon,Chondrichthyes,Lamniformes,Selachii,Otodontidae,Fossilized Tooth,"Period: Miocene, Formation: Phosphate Beds, Found in South Florida",,Shark;Tooth;Fossil,,,,,Image;StillImage,image/jpg,artifact,compound_object,,/objects/sc2005.png,/objects/small/sc2005_sm.jpg,/objects/thumbs/sc2005_th.jpg,
oc035,oc034,,,,,,,,,,,,,,,,Image;StillImage,image/jpg,artifact,artifact_image,,/objects/sc2005.png,/objects/small/sc2005_sm.jpg,/objects/thumbs/sc2005_th.jpg,
oc036,oc034,,,,,,,,,,,,,,,,Image;StillImage,image/jpg,artifact,artifact_image,,/objects/sc2005r.png,/objects/small/sc2005r_sm.jpg,/objects/thumbs/sc2005r_th.jpg,
oc037,,SC 1492,Necturus maculosus,Mudpuppy ,Amphibia,Caudata,Salamandroidea,Proteidae,Full Mounted Skeleton ,Specimen in glass casing ,,Salamander;Amphibian;Mounted;Skeleton,,,,,Image;StillImage,image/jpg,artifact,compound_object,,/objects/sc1492.png,/objects/small/sc1492_sm.jpg,/objects/thumbs/sc1492_th.jpg,
oc038,oc037,,,,,,,,,,,,,,,,Image;StillImage,image/jpg,artifact,artifact_image,,/objects/sc1492.png,/objects/small/sc1492_sm.jpg,/objects/thumbs/sc1492_th.jpg,
oc039,oc037,,,,,,,,,,,,,,,,Image;StillImage,image/jpg,artifact,artifact_image,,/objects/sc1492r.png,/objects/small/sc1492r_sm.jpg,/objects/thumbs/sc1492r_th.jpg,
oc040,,SC 1493,Necturus maculosus,Mudpuppy ,Amphibia,Caudata,Salamandroidea,Proteidae,Skull ,"Specimen in glass casing, skull disarticulated",,Salamander;Amphibian;Skull;Disarticulated,,,,,Image;StillImage,image/jpg,artifact,compound_object,,/objects/sc1493.png,/objects/small/sc1493_sm.jpg,/objects/thumbs/sc1493_th.jpg,
oc041,oc040,,,,,,,,,,,,,,,,Image;StillImage,image/jpg,artifact,artifact_image,,/objects/sc1493.png,/objects/small/sc1493_sm.jpg,/objects/thumbs/sc1493_th.jpg,
oc042,oc040,,,,,,,,,,,,,,,,Image;StillImage,image/jpg,artifact,artifact_image,,/objects/sc1493r.png,/objects/small/sc1493r_sm.jpg,/objects/thumbs/sc1493r_th.jpg,
oc043,,SC 1494,Necturus maculosus,Mudpuppy ,Amphibia,Caudata,Salamandroidea,Proteidae,Skull ,"Specimen in glass casing, skull disarticulated",,Salamander;Amphibian;Skull;Disarticulated,,,,,Image;StillImage,image/jpg,artifact,compound_object,,/objects/sc1494.png,/objects/small/sc1494_sm.jpg,/objects/thumbs/sc1494_th.jpg,
oc044,oc043,,,,,,,,,,,,,,,,Image;StillImage,image/jpg,artifact,artifact_image,,/objects/sc1494.png,/objects/small/sc1494_sm.jpg,/objects/thumbs/sc1494_th.jpg,
oc045,oc043,,,,,,,,,,,,,,,,Image;StillImage,image/jpg,artifact,artifact_image,,/objects/sc1494r.png,/objects/small/sc1494r_sm.jpg,/objects/thumbs/sc1494r_th.jpg,
oc046,,SC 1495,Necturus maculosus,Mudpuppy ,Amphibia,Caudata,Salamandroidea,Proteidae,Skull ,"Specimen in glass casing, skull disarticulated",,Salamander;Amphibian;Skull;Disarticulated,,,,,Image;StillImage,image/jpg,artifact,compound_object,,/objects/sc1495.png,/objects/small/sc1495_sm.jpg,/objects/thumbs/sc1495_th.jpg,
oc047,oc046,,,,,,,,,,,,,,,,Image;StillImage,image/jpg,artifact,artifact_image,,/objects/sc1495.png,/objects/small/sc1495_sm.jpg,/objects/thumbs/sc1495_th.jpg,
oc048,oc046,,,,,,,,,,,,,,,,Image;StillImage,image/jpg,artifact,artifact_image,,/objects/sc1495r.png,/objects/small/sc1495r_sm.jpg,/objects/thumbs/sc1495r_th.jpg,
oc049,,SC 1496,Necturus maculosus,Mudpuppy ,Amphibia,Caudata,Salamandroidea,Proteidae,Skull ,"Specimen in glass casing, skull disarticulated",,Salamander;Amphibian;Skull;Disarticulated,,,,,Image;StillImage,image/jpg,artifact,compound_object,,/objects/sc1496.png,/objects/small/sc1496_sm.jpg,/objects/thumbs/sc1496_th.jpg,
oc050,oc049,,,,,,,,,,,,,,,,Image;StillImage,image/jpg,artifact,artifact_image,,/objects/sc1496.png,/objects/small/sc1496_sm.jpg,/objects/thumbs/sc1496_th.jpg,
oc051,oc049,,,,,,,,,,,,,,,,Image;StillImage,image/jpg,artifact,artifact_image,,/objects/sc1496r.png,/objects/small/sc1496r_sm.jpg,/objects/thumbs/sc1496r_th.jpg,
oc052,,SC 1497,Necturus maculosus,Mudpuppy ,Amphibia,Caudata,Salamandroidea,Proteidae,Skull ,"Specimen in glass casing, skull disarticulated",,Salamander;Amphibian;Skull;Disarticulated,,,,,Image;StillImage,image/jpg,artifact,compound_object,,/objects/sc1497.png,/objects/small/sc1497_sm.jpg,/objects/thumbs/sc1497_th.jpg,
oc053,oc052,,,,,,,,,,,,,,,,Image;StillImage,image/jpg,artifact,artifact_image,,/objects/sc1497.png,/objects/small/sc1497_sm.jpg,/objects/thumbs/sc1497_th.jpg,
oc054,oc052,,,,,,,,,,,,,,,,Image;StillImage,image/jpg,artifact,artifact_image,,/objects/sc1497r.png,/objects/small/sc1497r_sm.jpg,/objects/thumbs/sc1497r_th.jpg,
oc055,,SC 1498,Necturus maculosus,Mudpuppy ,Amphibia,Caudata,Salamandroidea,Proteidae,Skull ,"Specimen in glass casing, skull disarticulated",,Salamander;Amphibian;Skull;Disarticulated,,,,,Image;StillImage,image/jpg,artifact,compound_object,,/objects/sc1498.png,/objects/small/sc1498_sm.jpg,/objects/thumbs/sc1498_th.jpg,
oc056,oc055,,,,,,,,,,,,,,,,Image;StillImage,image/jpg,artifact,artifact_image,,/objects/sc1498.png,/objects/small/sc1498_sm.jpg,/objects/thumbs/sc1498_th.jpg,
oc057,oc055,,,,,,,,,,,,,,,,Image;StillImage,image/jpg,artifact,artifact_image,,/objects/sc1498r.png,/objects/small/sc1498r_sm.jpg,/objects/thumbs/sc1498r_th.jpg,
oc058,,SC 1499,Rana sp. ,European Grass Frog ,Amphibia,Anura, Neobatrachia,Ranidae,Full Mounted Skeleton ,"Specimen in plastic, species determination uncertain ",,Frog;Amphibian;Mounted;Skeleton,,,,,Image;StillImage,image/jpg,artifact,compound_object,,/objects/sc1499.png,/objects/small/sc1499_sm.jpg,/objects/thumbs/sc1499_th.jpg,
oc059,oc058,,,,,,,,,,,,,,,,Image;StillImage,image/jpg,artifact,artifact_image,,/objects/sc1499.png,/objects/small/sc1499_sm.jpg,/objects/thumbs/sc1499_th.jpg,
oc060,oc058,,,,,,,,,,,,,,,,Image;StillImage,image/jpg,artifact,artifact_image,,/objects/sc1499r.png,/objects/small/sc1499r_sm.jpg,/objects/thumbs/sc1499r_th.jpg,
oc061,,SC 1500,Rana sp. ,European Grass Frog ,Amphibia,Anura, Neobatrachia,Ranidae,Full Mounted Skeleton ,"Specimen in plastic, species determination uncertain ",,Frog;Amphibian;Mounted;Skeleton,,,,,Image;StillImage,image/jpg,artifact,compound_object,,/objects/sc1500.png,/objects/small/sc1500_sm.jpg,/objects/thumbs/sc1500_th.jpg,
oc062,oc061,,,,,,,,,,,,,,,,Image;StillImage,image/jpg,artifact,artifact_image,,/objects/sc1500.png,/objects/small/sc1500_sm.jpg,/objects/thumbs/sc1500_th.jpg,
oc063,oc061,,,,,,,,,,,,,,,,Image;StillImage,image/jpg,artifact,artifact_image,,/objects/sc1500r.png,/objects/small/sc1500r_sm.jpg,/objects/thumbs/sc1500r_th.jpg,
oc064,,SC 1501,Rana sp. ,European Grass Frog ,Amphibia,Anura, Neobatrachia,Ranidae,Full Mounted Skeleton ,"Specimen in plastic, species determination uncertain ",,Frog;Amphibian;Mounted;Skeleton,,,,,Image;StillImage,image/jpg,artifact,compound_object,,/objects/sc1501.png,/objects/small/sc1501_sm.jpg,/objects/thumbs/sc1501_th.jpg,
oc065,oc064,,,,,,,,,,,,,,,,Image;StillImage,image/jpg,artifact,artifact_image,,/objects/sc1501.png,/objects/small/sc1501_sm.jpg,/objects/thumbs/sc1501_th.jpg,
oc066,oc064,,,,,,,,,,,,,,,,Image;StillImage,image/jpg,artifact,artifact_image,,/objects/sc1501r.png,/objects/small/sc1501r_sm.jpg,/objects/thumbs/sc1501r_th.jpg,
oc067,,SC 1502,Rana sp. ,European Grass Frog ,Amphibia,Anura,Neobatrachia,Ranidae,Full Mounted Skeleton ,"Specimen in plastic, species determination uncertain ",,Frog;Amphibian;Mounted;Skeleton,,,,,Image;StillImage,image/jpg,artifact,compound_object,,/objects/sc1502.png,/objects/small/sc1502_sm.jpg,/objects/thumbs/sc1502_th.jpg,
oc068,oc067,,,,,,,,,,,,,,,,Image;StillImage,image/jpg,artifact,artifact_image,,/objects/sc1502.png,/objects/small/sc1502_sm.jpg,/objects/thumbs/sc1502_th.jpg,
oc069,oc067,,,,,,,,,,,,,,,,Image;StillImage,image/jpg,artifact,artifact_image,,/objects/sc1502r.png,/objects/small/sc1502r_sm.jpg,/objects/thumbs/sc1502r_th.jpg,
oc070,,SC 1503,Rana sp. ,European Grass Frog ,Amphibia,Anura,Neobatrachia,Ranidae,Full Mounted Skeleton ,"Specimen in plastic, species determination uncertain ",,Frog;Amphibian;Mounted;Skeleton,,,,,Image;StillImage,image/jpg,artifact,compound_object,,/objects/sc1503.png,/objects/small/sc1503_sm.jpg,/objects/thumbs/sc1503_th.jpg,
oc071,oc070,,,,,,,,,,,,,,,,Image;StillImage,image/jpg,artifact,artifact_image,,/objects/sc1503.png,/objects/small/sc1503_sm.jpg,/objects/thumbs/sc1503_th.jpg,
oc072,oc070,,,,,,,,,,,,,,,,Image;StillImage,image/jpg,artifact,artifact_image,,/objects/sc1503r.png,/objects/small/sc1503r_sm.jpg,/objects/thumbs/sc1503r_th.jpg,
oc073,,SC 1504,Rana sp. ,European Grass Frog ,Amphibia,Anura,Neobatrachia,Ranidae,Full Mounted Skeleton ,"Specimen in plastic, species determination uncertain ",,Frog;Amphibian;Mounted;Skeleton,,,,,Image;StillImage,image/jpg,artifact,compound_object,,/objects/sc1504.png,/objects/small/sc1504_sm.jpg,/objects/thumbs/sc1504_th.jpg,
oc074,oc073,,,,,,,,,,,,,,,,Image;StillImage,image/jpg,artifact,artifact_image,,/objects/sc1504.png,/objects/small/sc1504_sm.jpg,/objects/thumbs/sc1504_th.jpg,
oc075,oc073,,,,,,,,,,,,,,,,Image;StillImage,image/jpg,artifact,artifact_image,,/objects/sc1504r.png,/objects/small/sc1504r_sm.jpg,/objects/thumbs/sc1504r_th.jpg,
oc076,,SC 1505,Rana sp. ,European Grass Frog ,Amphibia,Anura,Neobatrachia,Ranidae,Full Mounted Skeleton ,"Specimen in plastic, species determination uncertain ",,Frog;Amphibian;Mounted;Skeleton,,,,,Image;StillImage,image/jpg,artifact,compound_object,,/objects/sc1505.png,/objects/small/sc1505_sm.jpg,/objects/thumbs/sc1505_th.jpg,
oc077,oc076,,,,,,,,,,,,,,,,Image;StillImage,image/jpg,artifact,artifact_image,,/objects/sc1505.png,/objects/small/sc1505_sm.jpg,/objects/thumbs/sc1505_th.jpg,
oc078,oc076,,,,,,,,,,,,,,,,Image;StillImage,image/jpg,artifact,artifact_image,,/objects/sc1505r.png,/objects/small/sc1505r_sm.jpg,/objects/thumbs/sc1505r_th.jpg,
oc079,,SC 1506,Rana sp. ,European Grass Frog ,Amphibia,Anura,Neobatrachia,Ranidae,Full Mounted Skeleton ,"Specimen in plastic, species determination uncertain ",,Frog;Amphibian;Mounted;Skeleton,,,,,Image;StillImage,image/jpg,artifact,compound_object,,/objects/sc1506.png,/objects/small/sc1506_sm.jpg,/objects/thumbs/sc1506_th.jpg,
oc080,oc079,,,,,,,,,,,,,,,,Image;StillImage,image/jpg,artifact,artifact_image,,/objects/sc1506.png,/objects/small/sc1506_sm.jpg,/objects/thumbs/sc1506_th.jpg,
oc081,oc079,,,,,,,,,,,,,,,,`,image/jpg,artifact,artifact_image,,/objects/sc1506r.png,/objects/small/sc1506r_sm.jpg,/objects/thumbs/sc1506r_th.jpg,
oc082,,SC 1507,Aquarana catesbeiana,American Bullfrog,Amphibia,Anura,Neobatrachia,Ranidae,Full Mounted Skeleton ,,,Frog;Amphibian;Mounted;Skeleton,,,,,Image;StillImage,image/jpg,artifact,compound_object,,/objects/sc1507.png,/objects/small/sc1507_sm.jpg,/objects/thumbs/sc1507_th.jpg,
oc083,oc082,,,,,,,,,,,,,,,,Image;StillImage,image/jpg,artifact,artifact_image,,/objects/sc1507.png,/objects/small/sc1507_sm.jpg,/objects/thumbs/sc1507_th.jpg,
oc084,oc082,,,,,,,,,,,,,,,,Image;StillImage,image/jpg,artifact,artifact_image,,/objects/sc1507r.png,/objects/small/sc1507r_sm.jpg,/objects/thumbs/sc1507r_th.jpg,
oc085,,SC 1508,Aquarana catesbeiana,American Bullfrog,Amphibia,Anura,Neobatrachia,Ranidae,Full Mounted Skeleton ,,,Frog;Amphibian;Mounted;Skeleton,,,,,Image;StillImage,image/jpg,artifact,compound_object,,/objects/sc1508.png,/objects/small/sc1508_sm.jpg,/objects/thumbs/sc1508_th.jpg,
oc086,oc085,,,,,,,,,,,,,,,,Image;StillImage,image/jpg,artifact,artifact_image,,/objects/sc1508.png,/objects/small/sc1508_sm.jpg,/objects/thumbs/sc1508_th.jpg,
oc087,oc085,,,,,,,,,,,,,,,,Image;StillImage,image/jpg,artifact,artifact_image,,/objects/sc1508r.png,/objects/small/sc1508r_sm.jpg,/objects/thumbs/sc1508r_th.jpg,
oc088,,SC 1509,Aquarana catesbeiana,American Bullfrog,Amphibia,Anura,Neobatrachia,Ranidae,Full mounted Skeleton ,,,Frog;Amphibian;Mounted;Skeleton,,,,,Image;StillImage,image/jpg,artifact,compound_object,,/objects/sc1509.png,/objects/small/sc1509_sm.jpg,/objects/thumbs/sc1509_th.jpg,
oc089,oc088,,,,,,,,,,,,,,,,Image;StillImage,image/jpg,artifact,artifact_image,,/objects/sc1509.png,/objects/small/sc1509_sm.jpg,/objects/thumbs/sc1509_th.jpg,
oc090,oc088,,,,,,,,,,,,,,,,Image;StillImage,image/jpg,artifact,artifact_image,,/objects/sc1509r.png,/objects/small/sc1509r_sm.jpg,/objects/thumbs/sc1509r_th.jpg,
oc091,,SC 1510,Aquarana catesbeiana,American Bullfrog,Amphibia,Anura,Neobatrachia,Ranidae,Full mounted Skeleton ,,,Frog;Amphibian;Mounted;Skeleton,,,,,Image;StillImage,image/jpg,artifact,compound_object,,/objects/sc1510.png,/objects/small/sc1510_sm.jpg,/objects/thumbs/sc1510_th.jpg,
oc092,oc091,,,,,,,,,,,,,,,,Image;StillImage,image/jpg,artifact,artifact_image,,/objects/sc1510.png,/objects/small/sc1510_sm.jpg,/objects/thumbs/sc1510_th.jpg,
oc093,oc091,,,,,,,,,,,,,,,,Image;StillImage,image/jpg,artifact,artifact_image,,/objects/sc1510r.png,/objects/small/sc1510r_sm.jpg,/objects/thumbs/sc1510r_th.jpg,
oc094,,SC 1511,Aquarana catesbeiana,American Bullfrog,Amphibia,Anura,Neobatrachia,Ranidae,Full mounted Skeleton ,,,Frog;Amphibian;Mounted;Skeleton,,,,,Image;StillImage,image/jpg,artifact,compound_object,,/objects/sc1511.png,/objects/small/sc1511_sm.jpg,/objects/thumbs/sc1511_th.jpg,
oc095,oc094,,,,,,,,,,,,,,,,Image;StillImage,image/jpg,artifact,artifact_image,,/objects/sc1511.png,/objects/small/sc1511_sm.jpg,/objects/thumbs/sc1511_th.jpg,
oc096,oc094,,,,,,,,,,,,,,,,Image;StillImage,image/jpg,artifact,artifact_image,,/objects/sc1511r.png,/objects/small/sc1511r_sm.jpg,/objects/thumbs/sc1511r_th.jpg,
oc097,,SC 1512,Aquarana catesbeiana,American Bullfrog,Amphibia,Anura,Neobatrachia,Ranidae,Full mounted Skeleton ,,,Frog;Amphibian;Mounted;Skeleton,,,,,Image;StillImage,image/jpg,artifact,compound_object,,/objects/sc1512.png,/objects/small/sc1512_sm.jpg,/objects/thumbs/sc1512_th.jpg,
oc098,oc097,,,,,,,,,,,,,,,,Image;StillImage,image/jpg,artifact,artifact_image,,/objects/sc1512.png,/objects/small/sc1512_sm.jpg,/objects/thumbs/sc1512_th.jpg,
oc099,oc097,,,,,,,,,,,,,,,,Image;StillImage,image/jpg,artifact,artifact_image,,/objects/sc1512r.png,/objects/small/sc1512r_sm.jpg,/objects/thumbs/sc1512r_th.jpg,
oc100,,SC 1513,Aquarana catesbeiana,American Bullfrog,Amphibia,Anura,Neobatrachia,Ranidae,Full mounted Skeleton ,,,Frog;Amphibian;Mounted;Skeleton,,,,,Image;StillImage,image/jpg,artifact,compound_object,,/objects/sc1513.png,/objects/small/sc1513_sm.jpg,/objects/thumbs/sc1513_th.jpg,
oc101,oc100,,,,,,,,,,,,,,,,Image;StillImage,image/jpg,artifact,artifact_image,,/objects/sc1513.png,/objects/small/sc1513_sm.jpg,/objects/thumbs/sc1513_th.jpg,
oc102,oc100,,,,,,,,,,,,,,,,Image;StillImage,image/jpg,artifact,artifact_image,,/objects/sc1513r.png,/objects/small/sc1513r_sm.jpg,/objects/thumbs/sc1513r_th.jpg,
oc103,,SC 1520,Aquarana catesbeiana,American Bullfrog,Amphibia,Anura,Neobatrachia,Ranidae,Skull ,,,Frog;Amphibian;Skull,,,,,Image;StillImage,image/jpg,artifact,compound_object,,/objects/sc1520.png,/objects/small/sc1520_sm.jpg,/objects/thumbs/sc1520_th.jpg,
oc104,oc103,,,,,,,,,,,,,,,,Image;StillImage,image/jpg,artifact,artifact_image,,/objects/sc1520.png,/objects/small/sc1520_sm.jpg,/objects/thumbs/sc1520_th.jpg,
oc105,oc103,,,,,,,,,,,,,,,,Image;StillImage,image/jpg,artifact,artifact_image,,/objects/sc1520s.png,/objects/small/sc1520s_sm.jpg,/objects/thumbs/sc1520s_th.jpg,
oc106,oc103,,,,,,,,,,,,,,,,Image;StillImage,image/jpg,artifact,artifact_image,,/objects/sc1520r.png,/objects/small/sc1520r_sm.jpg,/objects/thumbs/sc1520r_th.jpg,
oc107,,SC 1521,Aquarana catesbeiana,American Bullfrog,Amphibia,Anura,Neobatrachia,Ranidae,Skull ,,,Frog;Amphibian;Skull,,,,,Image;StillImage,image/jpg,artifact,compound_object,,/objects/sc1521.png,/objects/small/sc1521_sm.jpg,/objects/thumbs/sc1521_th.jpg,
oc108,oc107,,,,,,,,,,,,,,,,Image;StillImage,image/jpg,artifact,artifact_image,,/objects/sc1521.png,/objects/small/sc1521_sm.jpg,/objects/thumbs/sc1521_th.jpg,
oc110,oc107,,,,,,,,,,,,,,,,Image;StillImage,image/jpg,artifact,artifact_image,,/objects/sc1521s.png,/objects/small/sc1521s_sm.jpg,/objects/thumbs/sc1521s_th.jpg,
oc111,oc107,,,,,,,,,,,,,,,,Image;StillImage,image/jpg,artifact,artifact_image,,/objects/sc1521r.png,/objects/small/sc1521r_sm.jpg,/objects/thumbs/sc1521r_th.jpg,
oc112,,SC 1522,Aquarana catesbeiana,American Bullfrog,Amphibia,Anura,Neobatrachia,Ranidae,"Skull, vertebrae",,,Frog;Amphibian;Skull;Vertebrae;Disarticulated,,,,,Image;StillImage,image/jpg,artifact,compound_object,,/objects/sc1522.png,/objects/small/sc1522_sm.jpg,/objects/thumbs/sc1522_th.jpg,
oc113,oc112,,,,,,,,,,,,,,,,Image;StillImage,image/jpg,artifact,artifact_image,,/objects/sc1522.png,/objects/small/sc1522_sm.jpg,/objects/thumbs/sc1522_th.jpg,
oc114,oc112,,,,,,,,,,,,,,,,Image;StillImage,image/jpg,artifact,artifact_image,,/objects/sc1522f.png,/objects/small/sc1522f_sm.jpg,/objects/thumbs/sc1522f_th.jpg,
oc115,oc112,,,,,,,,,,,,,,,,Image;StillImage,image/jpg,artifact,artifact_image,,/objects/sc1522r.png,/objects/small/sc1522r_sm.jpg,/objects/thumbs/sc1522r_th.jpg,
oc116,,SC 2000,Aquarana catesbeiana,American Bullfrog,Amphibia,Anura,Neobatrachia,Ranidae,Full mounted Skeleton ,,,Frog;Amphibian;Mounted;Skeleton,,,,,Image;StillImage,image/jpg,artifact,compound_object,,/objects/sc2000.png,/objects/small/sc2000_sm.jpg,/objects/thumbs/sc2000_th.jpg,
oc117,oc116,,,,,,,,,,,,,,,,Image;StillImage,image/jpg,artifact,artifact_image,,/objects/sc2000.png,/objects/small/sc2000_sm.jpg,/objects/thumbs/sc2000_th.jpg,
oc118,oc116,,,,,,,,,,,,,,,,Image;StillImage,image/jpg,artifact,artifact_image,,/objects/sc2000r.png,/objects/small/sc2000r_sm.jpg,/objects/thumbs/sc2000r_th.jpg,
oc119,,SC 2001,Anaxyrus americanus,American Toad,Amphibia,Anura,Neobatrachia,Bufonidae,Full mounted Skeleton ,,,Frog;Amphibian;Mounted;Skeleton,,,,,Image;StillImage,image/jpg,artifact,compound_object,,/objects/sc2001.png,/objects/small/sc2001_sm.jpg,/objects/thumbs/sc2001_th.jpg,
oc120,oc119,,,,,,,,,,,,,,,,Image;StillImage,image/jpg,artifact,artifact_image,,/objects/sc2001.png,/objects/small/sc2001_sm.jpg,/objects/thumbs/sc2001_th.jpg,
oc121,oc119,,,,,,,,,,,,,,,,Image;StillImage,image/jpg,artifact,artifact_image,,/objects/sc2001r.png,/objects/small/sc2001r_sm.jpg,/objects/thumbs/sc2001r_th.jpg,
oc122,oc119,,,,,,,,,,,,,,,,Image;StillImage,image/jpg,artifact,artifact_image,,/objects/sc2001s.png,/objects/small/sc2001s_sm.jpg,/objects/thumbs/sc2001s_th.jpg,
oc123,oc119,,,,,,,,,,,,,,,,Image;StillImage,image/jpg,artifact,artifact_image,,/objects/sc2001t.png,/objects/small/sc2001t_sm.jpg,/objects/thumbs/sc2001t_th.jpg,
oc124,,SC 1400,Branta canadensis,Canada Goose ,Aves,Anseriformes,n/a,Anatidae,Full Mounted Skeleton ,,,Bird;Avian;Goose;Mounted;Skeleton,,,,,Image;StillImage,image/jpg,artifact,compound_object,,/objects/sc1400s.jpg,/objects/small/sc1400s_sm.jpg,/objects/thumbs/sc1400s_th.jpg,
oc125,oc124,,,,,,,,,,,,,,,,Image;StillImage,image/jpg,artifact,artifact_image,,/objects/sc1400s.jpg,/objects/small/sc1400s_sm.jpg,/objects/thumbs/sc1400s_th.jpg,
oc126,oc124,,,,,,,,,,,,,,,,Image;StillImage,image/jpg,artifact,artifact_image,,/objects/sc1400.jpg,/objects/small/sc1400_sm.jpg,/objects/thumbs/sc1400_th.jpg,
oc127,oc124,,,,,,,,,,,,,,,,Image;StillImage,image/jpg,artifact,artifact_image,,/objects/sc1400b.jpg,/objects/small/sc1400b_sm.jpg,/objects/thumbs/sc1400b_th.jpg,
oc128,oc124,,,,,,,,,,,,,,,,Image;StillImage,image/jpg,artifact,artifact_image,,/objects/sc1400h.jpg,/objects/small/sc1400h_sm.jpg,/objects/thumbs/sc1400h_th.jpg,
oc129,oc124,,,,,,,,,,,,,,,,Image;StillImage,image/jpg,artifact,artifact_image,,/objects/sc1400t.jpg,/objects/small/sc1400t_sm.jpg,/objects/thumbs/sc1400t_th.jpg,
oc130,oc124,,,,,,,,,,,,,,,,Image;StillImage,image/jpg,artifact,artifact_image,,/objects/sc1400r.jpg,/objects/small/sc1400r_sm.jpg,/objects/thumbs/sc1400r_th.jpg,
oc131,,SC 1401,Haliaeetus leucocephalus,Bald Eagle ,Aves,Accipitriformes,n/a,Accitripidae,Full Mounted Skeleton ,,,Bird;Avian;Eagle;Mounted;Skeleton,,,,,Image;StillImage,image/jpg,artifact,compound_object,,/objects/sc1401.jpg,/objects/small/sc1401_sm.jpg,/objects/thumbs/sc1401_th.jpg,
oc132,oc131,,,,,,,,,,,,,,,,Image;StillImage,image/jpg,artifact,artifact_image,,/objects/sc1401.jpg,/objects/small/sc1401_sm.jpg,/objects/thumbs/sc1401_th.jpg,
oc133,oc131,,,,,,,,,,,,,,,,Image;StillImage,image/jpg,artifact,artifact_image,,/objects/sc1401f.jpg,/objects/small/sc1401f_sm.jpg,/objects/thumbs/sc1401f_th.jpg,
oc134,oc131,,,,,,,,,,,,,,,,Image;StillImage,image/jpg,artifact,artifact_image,,/objects/sc1401r.jpg,/objects/small/sc1401r_sm.jpg,/objects/thumbs/sc1401r_th.jpg,
oc135,oc131,,,,,,,,,,,,,,,,Image;StillImage,image/jpg,artifact,artifact_image,,/objects/sc1401b.jpg,/objects/small/sc1401b_sm.jpg,/objects/thumbs/sc1401b_th.jpg,
oc136,,SC 2017,Haliaeetus leucocephalus,Bald Eagle ,Aves,Accipitriformes,n/a,Accitripidae,Oculi and Columella ,N.A. Meinkoth 1945,,Bird;Avian;Eagle;Oculi;Columella,,,,,Image;StillImage,image/jpg,artifact,compound_object,,/objects/sc2017.jpg,/objects/small/sc2017_sm.jpg,/objects/thumbs/sc2017_th.jpg,
oc137,oc136,,,,,,,,,,,,,,,,Image;StillImage,image/jpg,artifact,artifact_image,,/objects/sc2017.jpg,/objects/small/sc2017_sm.jpg,/objects/thumbs/sc2017_th.jpg,
oc138,oc136,,,,,,,,,,,,,,,,Image;StillImage,image/jpg,artifact,artifact_image,,/objects/sc2017r.jpg,/objects/small/sc2017r_sm.jpg,/objects/thumbs/sc2017r_th.jpg,
oc139,,SC 1402,Gavia immer,Great Northern Loon,Aves,Gaviiformes,n/a,Gaviidae,"Skull, Mandible",,,Bird;Avian;Loon;Skull;Mandible,,,,,Image;StillImage,image/jpg,artifact,compound_object,,/objects/sc1402.jpg,/objects/small/sc1402_sm.jpg,/objects/thumbs/sc1402_th.jpg,
oc140,oc139,,,,,,,,,,,,,,,,Image;StillImage,image/jpg,artifact,artifact_image,,/objects/sc1402.jpg,/objects/small/sc1402_sm.jpg,/objects/thumbs/sc1402_th.jpg,
oc141,oc139,,,,,,,,,,,,,,,,Image;StillImage,image/jpg,artifact,artifact_image,,/objects/sc1402r.jpg,/objects/small/sc1402r_sm.jpg,/objects/thumbs/sc1402r_th.jpg,
oc142,,SC 1403,Gavia immer,Great Northern Loon,Aves,Gaviiformes,n/a,Gaviidae,"Skull, Mandible",,,Bird;Avian;Loon;Skull;Mandible,,,,,Image;StillImage,image/jpg,artifact,compound_object,,/objects/sc1403.jpg,/objects/small/sc1403_sm.jpg,/objects/thumbs/sc1403_th.jpg,
oc143,oc142,,,,,,,,,,,,,,,,Image;StillImage,image/jpg,artifact,artifact_image,,/objects/sc1403.jpg,/objects/small/sc1403_sm.jpg,/objects/thumbs/sc1403_th.jpg,
oc144,oc142,,,,,,,,,,,,,,,,Image;StillImage,image/jpg,artifact,artifact_image,,/objects/sc1403r.jpg,/objects/small/sc1403r_sm.jpg,/objects/thumbs/sc1403r_th.jpg,
oc145,,SC 1404,Gavia immer,Great Northern Loon,Aves,Gaviiformes,n/a,Gaviidae,"Skull, Mandible, Ocular, Sturnum Bones ",,,Bird;Avian;Loon;Skull;Mandible,,,,,Image;StillImage,image/jpg,artifact,compound_object,,/objects/sc1404.jpg,/objects/small/sc1404_sm.jpg,/objects/thumbs/sc1404_th.jpg,
oc146,oc145,,,,,,,,,,,,,,,,Image;StillImage,image/jpg,artifact,artifact_image,,/objects/sc1404.jpg,/objects/small/sc1404_sm.jpg,/objects/thumbs/sc1404_th.jpg,
oc148,oc145,,,,,,,,,,,,,,,,Image;StillImage,image/jpg,artifact,artifact_image,,/objects/sc1404r.jpg,/objects/small/sc1404r_sm.jpg,/objects/thumbs/sc1404r_th.jpg,
oc149,,SC 1405,Calidris sp. ,American Knot,Aves,Charadriiformes,Scolopaci,Scolopacidae,"Skull, Mandible",species determination uncertain ,,Bird;Avian;Knot;Skull;Mandible,,,,,Image;StillImage,image/jpg,artifact,compound_object,,/objects/sc1405.jpg,/objects/small/sc1405_sm.jpg,/objects/thumbs/sc1405_th.jpg,
oc150,oc149,,,,,,,,,,,,,,,,Image;StillImage,image/jpg,artifact,artifact_image,,/objects/sc1405.jpg,/objects/small/sc1405_sm.jpg,/objects/thumbs/sc1405_th.jpg,
oc151,oc149,,,,,,,,,,,,,,,,Image;StillImage,image/jpg,artifact,artifact_image,,/objects/sc1405r.jpg,/objects/small/sc1405r_sm.jpg,/objects/thumbs/sc1405r_th.jpg,
oc152,,SC 1406,Calidris sp. ,American Knot,Aves,Charadriiformes,Scolopaci,Scolopacidae,"Skull, Mandible",species determination uncertain ,,Bird;Avian;Knot;Skull;Mandible,,,,,Image;StillImage,image/jpg,artifact,compound_object,,/objects/sc1406.jpg,/objects/small/sc1406_sm.jpg,/objects/thumbs/sc1406_th.jpg,
oc153,oc152,,,,,,,,,,,,,,,,Image;StillImage,image/jpg,artifact,artifact_image,,/objects/sc1406.jpg,/objects/small/sc1406_sm.jpg,/objects/thumbs/sc1406_th.jpg,
oc154,oc152,,,,,,,,,,,,,,,,Image;StillImage,image/jpg,artifact,artifact_image,,/objects/sc1406r.jpg,/objects/small/sc1406r_sm.jpg,/objects/thumbs/sc1406r_th.jpg,
oc155,,SC 1407,Anatidae,Duck ,Aves,Anseriformes,n/a,Anatidae,"Skull, Mandible",,,Bird;Avian;Duck;Skull;Mandible,,,,,Image;StillImage,image/jpg,artifact,compound_object,,/objects/sc1407.jpg,/objects/small/sc1407_sm.jpg,/objects/thumbs/sc1407_th.jpg,
oc156,oc155,,,,,,,,,,,,,,,,Image;StillImage,image/jpg,artifact,artifact_image,,/objects/sc1407.jpg,/objects/small/sc1407_sm.jpg,/objects/thumbs/sc1407_th.jpg,
oc157,oc155,,,,,,,,,,,,,,,,Image;StillImage,image/jpg,artifact,artifact_image,,/objects/sc1407r.jpg,/objects/small/sc1407r_sm.jpg,/objects/thumbs/sc1407r_th.jpg,
oc158,,SC 1408,Anatidae,Duck ,Aves,Anseriformes,n/a,Anatidae,"Skull, Mandible",,,Bird;Avian;Duck;Skull;Mandible,,,,,Image;StillImage,image/jpg,artifact,compound_object,,/objects/sc1408.jpg,/objects/small/sc1408_sm.jpg,/objects/thumbs/sc1408_th.jpg,
oc159,oc158,,,,,,,,,,,,,,,,Image;StillImage,image/jpg,artifact,artifact_image,,/objects/sc1408.jpg,/objects/small/sc1408_sm.jpg,/objects/thumbs/sc1408_th.jpg,
oc160,oc158,,,,,,,,,,,,,,,,Image;StillImage,image/jpg,artifact,artifact_image,,/objects/sc1408r.jpg,/objects/small/sc1408r_sm.jpg,/objects/thumbs/sc1408r_th.jpg,
oc161,,SC 1409,Accipitriformes sp.,Parrot,Aves,Psittaciformes,n/a,,"Skull, Mandible",Species determination uncertain,,Bird;Avian;Parrot;Skull;Mandible,,,,,Image;StillImage,image/jpg,artifact,compound_object,,/objects/sc1409.jpg,/objects/small/sc1409_sm.jpg,/objects/thumbs/sc1409_th.jpg,
oc162,oc161,,,,,,,,,,,,,,,,Image;StillImage,image/jpg,artifact,artifact_image,,/objects/sc1409.jpg,/objects/small/sc1409_sm.jpg,/objects/thumbs/sc1409_th.jpg,
oc163,oc161,,,,,,,,,,,,,,,,Image;StillImage,image/jpg,artifact,artifact_image,,/objects/sc1409r.jpg,/objects/small/sc1409r_sm.jpg,/objects/thumbs/sc1409r_th.jpg,
oc164,,SC 1410,Accipitriformes sp.,Vulture,Aves,Accipitriformes,n/a,Catharidae or Accipitridae,"Skull, Mandible",,,Bird;Avian;Vulture;Skull;Mandible,,,,,Image;StillImage,image/jpg,artifact,compound_object,,/objects/sc1410.jpg,/objects/small/sc1410_sm.jpg,/objects/thumbs/sc1410_th.jpg,
oc165,oc164,,,,,,,,,,,,,,,,Image;StillImage,image/jpg,artifact,artifact_image,,/objects/sc1410.jpg,/objects/small/sc1410_sm.jpg,/objects/thumbs/sc1410_th.jpg,
oc166,oc164,,,,,,,,,,,,,,,,Image;StillImage,image/jpg,artifact,artifact_image,,/objects/sc1410r.jpg,/objects/small/sc1410r_sm.jpg,/objects/thumbs/sc1410r_th.jpg,
oc167,,SC 1411,Galliformes sp.,unknown,Aves,Accipitriformes,n/a,,Skull ,"No mandilbe, Species determination uncertain ",,Bird;Avian;Skull,,,,,Image;StillImage,image/jpg,artifact,compound_object,,/objects/sc1411.jpg,/objects/small/sc1411_sm.jpg,/objects/thumbs/sc1411_th.jpg,
oc168,oc167,,,,,,,,,,,,,,,,Image;StillImage,image/jpg,artifact,artifact_image,,/objects/sc1411.jpg,/objects/small/sc1411_sm.jpg,/objects/thumbs/sc1411_th.jpg,
oc169,oc167,,,,,,,,,,,,,,,,Image;StillImage,image/jpg,artifact,artifact_image,,/objects/sc1411r.jpg,/objects/small/sc1411r_sm.jpg,/objects/thumbs/sc1411r_th.jpg,
oc170,,SC 1412,Galliformes sp.,unknown,Aves,Galliformes,n/a,,"Skull, mandible",Species determination uncertain ,,Bird;Avian;Skull;Mandible,,,,,Image;StillImage,image/jpg,artifact,compound_object,,/objects/sc1412.jpg,/objects/small/sc1412_sm.jpg,/objects/thumbs/sc1412_th.jpg,
oc171,oc170,,,,,,,,,,,,,,,,Image;StillImage,image/jpg,artifact,artifact_image,,/objects/sc1412.jpg,/objects/small/sc1412_sm.jpg,/objects/thumbs/sc1412_th.jpg,
oc172,oc170,,,,,,,,,,,,,,,,Image;StillImage,image/jpg,artifact,artifact_image,,/objects/sc1412r.jpg,/objects/small/sc1412r_sm.jpg,/objects/thumbs/sc1412r_th.jpg,
oc173,,SC 1439,Meleagris gallopavo,Common Turkey ,Aves,Galliformes,n/a,Phasianidae,"Skull, Mandible ",,,Bird;Avian;Turkey;Skull;Mandible,,,,,Image;StillImage,image/jpg,artifact,compound_object,,/objects/sc1439.jpg,/objects/small/sc1439_sm.jpg,/objects/thumbs/sc1439_th.jpg,
oc174,oc173,,,,,,,,,,,,,,,,Image;StillImage,image/jpg,artifact,artifact_image,,/objects/sc1439.jpg,/objects/small/sc1439_sm.jpg,/objects/thumbs/sc1439_th.jpg,
oc175,oc173,,,,,,,,,,,,,,,,Image;StillImage,image/jpg,artifact,artifact_image,,/objects/sc1439.jpg,/objects/small/sc1439_sm.jpg,/objects/thumbs/sc1439_th.jpg,
oc176,,SC 2010,Melanerpes carolinus,Red-Bellied Woodpecker,Aves,Piciformes,Pici,Picidae,Full Skeleton ,"In a medicine bottle. Collected October 3 2006. Location: Swarthmore, PA, Gender: Male",,Bird;Avian;Woodpecker;Skeleton;Local;Male,,,,,Image;StillImage,image/jpg,artifact,compound_object,,/objects/sc2010.jpg,/objects/small/sc2010_sm.jpg,/objects/thumbs/sc2010_th.jpg,
oc177,oc176,,,,,,,,,,,,,,,,Image;StillImage,image/jpg,artifact,artifact_image,,/objects/sc2010.jpg,/objects/small/sc2010_sm.jpg,/objects/thumbs/sc2010_th.jpg,
oc178,oc176,,,,,,,,,,,,,,,,Image;StillImage,image/jpg,artifact,artifact_image,,/objects/sc2010r.jpg,/objects/small/sc2010r_sm.jpg,/objects/thumbs/sc2010r_th.jpg,
oc179,,SC 2011,Hylocichla mustelina,Wood Thrush ,Aves,Passeriformes,Passeri,Turdidae,Full Skeleton ,"In a medicine bottle. Collected: May 2006, Location: Swarthmore PA, Gender: Male",,Bird;Avian;Thrush;Skeleton;Local;Male,,,,,Image;StillImage,image/jpg,artifact,compound_object,,/objects/sc2011.jpg,/objects/small/sc2011_sm.jpg,/objects/thumbs/sc2011_th.jpg,
oc180,oc179,,,,,,,,,,,,,,,,Image;StillImage,image/jpg,artifact,artifact_image,,/objects/sc2011.jpg,/objects/small/sc2011_sm.jpg,/objects/thumbs/sc2011_th.jpg,
oc181,oc179,,,,,,,,,,,,,,,,Image;StillImage,image/jpg,artifact,artifact_image,,/objects/sc2011r.jpg,/objects/small/sc2011r_sm.jpg,/objects/thumbs/sc2011r_th.jpg,
oc182,,SC 2012,Spinus tristis,American Goldfinch,Aves,Passeriformes,Passeri,Fringillidae,Full Skeleton ,"In a medicine bottle. Collected: November 22 2005, Location: Swarthmore PA, Gender: Female",,Bird;Avian;Goldfinch;Skeleton;Local;Female,,,,,Image;StillImage,image/jpg,artifact,compound_object,,/objects/sc2012.jpg,/objects/small/sc2012_sm.jpg,/objects/thumbs/sc2012_th.jpg,
oc183,oc182,,,,,,,,,,,,,,,,Image;StillImage,image/jpg,artifact,artifact_image,,/objects/sc2012.jpg,/objects/small/sc2012_sm.jpg,/objects/thumbs/sc2012_th.jpg,
oc184,oc182,,,,,,,,,,,,,,,,Image;StillImage,image/jpg,artifact,artifact_image,,/objects/sc2012r.jpg,/objects/small/sc2012r_sm.jpg,/objects/thumbs/sc2012r_th.jpg,
oc185,,SC 2013,Corthylio calendula,Ruby-Crowned Kinglet ,Aves,Passeriformes,Passeri,Regulidae,Full Skeleton ,"In a medicine bottle. Collected: October 15 2006, Location: Swarthmore PA, ",,Bird;Avian;Kinglet;Skeleton;Local,,,,,Image;StillImage,image/jpg,artifact,compound_object,,/objects/sc2013.jpg,/objects/small/sc2013_sm.jpg,/objects/thumbs/sc2013_th.jpg,
oc186,oc185,,,,,,,,,,,,,,,,Image;StillImage,image/jpg,artifact,artifact_image,,/objects/sc2013.jpg,/objects/small/sc2013_sm.jpg,/objects/thumbs/sc2013_th.jpg,
oc187,oc185,,,,,,,,,,,,,,,,Image;StillImage,image/jpg,artifact,artifact_image,,/objects/sc2013r.jpg,/objects/small/sc2013r_sm.jpg,/objects/thumbs/sc2013r_th.jpg,
oc188,,SC 2014,Setophaga americana,Northern Parula ,Aves,Passeriformes,Passeri,Parulidae,Full Skeleton ,"In a medicine bottle. Collected: September 21 2004, Location: Swarthmore, PA, Gender: Male",,Bird;Avian;Parula;Skeleton;Local;Male,,,,,Image;StillImage,image/jpg,artifact,compound_object,,/objects/sc2014.jpg,/objects/small/sc2014_sm.jpg,/objects/thumbs/sc2014_th.jpg,
oc189,oc188,,,,,,,,,,,,,,,,Image;StillImage,image/jpg,artifact,artifact_image,,/objects/sc2014.jpg,/objects/small/sc2014_sm.jpg,/objects/thumbs/sc2014_th.jpg,
oc190,oc188,,,,,,,,,,,,,,,,Image;StillImage,image/jpg,artifact,artifact_image,,/objects/sc2014r.jpg,/objects/small/sc2014r_sm.jpg,/objects/thumbs/sc2014r_th.jpg,
oc191,,SC 2031,Cetartiodactyl sp. ,Whale,Mammalia,Artiodactyla ,Cetartiodactyl,,Vertebrae Pieces,Species determination uncertain ,,Mammal;Marine;Whale;Vertebrae,,,,,Image;StillImage,image/jpg,artifact,compound_object,,/objects/sc2031.jpg,/objects/small/sc2031_sm.jpg,/objects/thumbs/sc2031_th.jpg,
oc192,oc191,,,,,,,,,,,,,,,,Image;StillImage,image/jpg,artifact,artifact_image,,/objects/sc2031.jpg,/objects/small/sc2031_sm.jpg,/objects/thumbs/sc2031_th.jpg,
oc193,oc191,,,,,,,,,,,,,,,,Image;StillImage,image/jpg,artifact,artifact_image,,/objects/sc2031r.jpg,/objects/small/sc2031r_sm.jpg,/objects/thumbs/sc2031r_th.jpg,
oc194,,SC 1370,Delphinapterus leucas,Beluga Whale,Mammalia,Artiodactyla ,Odontoceti,Monodontidae,Vertebrae ,Species determination uncertain ,,Mammal;Marine;Whale;Vertebrae,,,,,Image;StillImage,image/jpg,artifact,compound_object,,/objects/sc1370f.jpg,/objects/small/sc1370f_sm.jpg,/objects/thumbs/sc1370f_th.jpg,
oc195,oc194,,,,,,,,,,,,,,,,Image;StillImage,image/jpg,artifact,artifact_image,,/objects/sc1370l.jpg,/objects/small/sc1370l_sm.jpg,/objects/thumbs/sc1370l_th.jpg,
oc196,oc194,,,,,,,,,,,,,,,,Image;StillImage,image/jpg,artifact,artifact_image,,/objects/sc1370f.jpg,/objects/small/sc1370f_sm.jpg,/objects/thumbs/sc1370f_th.jpg,
oc197,oc194,,,,,,,,,,,,,,,,Image;StillImage,image/jpg,artifact,artifact_image,,/objects/sc1370r.jpg,/objects/small/sc1370r_sm.jpg,/objects/thumbs/sc1370r_th.jpg,
oc198,,SC 2036,Cetartiodactyl sp. ,Whale,Mammalia,Artiodactyla ,Cetartiodactyl,,3 Otic,Species determination uncertain ,,Mammal;Marine;Whale;Otic,,,,,Image;StillImage,image/jpg,artifact,compound_object,,/objects/sc2036.jpg,/objects/small/sc2036_sm.jpg,/objects/thumbs/sc2036_th.jpg,
oc199,oc198,,,,,,,,,,,,,,,,Image;StillImage,image/jpg,artifact,artifact_image,,/objects/sc2036.jpg,/objects/small/sc2036_sm.jpg,/objects/thumbs/sc2036_th.jpg,
oc200,oc198,,,,,,,,,,,,,,,,Image;StillImage,image/jpg,artifact,artifact_image,,/objects/sc2036r.jpg,/objects/small/sc2036r_sm.jpg,/objects/thumbs/sc2036r_th.jpg,
oc201,,SC 1353;SC 1354;SC 1355,Antilocapra americana,Pronghorn,Mammalia,Artiodactyla ,Ruminantia ,Antilocapridae,Forelimb Bones ,"Species determination uncertain, SC1353 forelimb,SC1354 forelimb includes scapula, SC1355 hindlimb",,Mammal;Ruminant;Forelimb;Hindlimb;Mounted,,,,,Image;StillImage,image/jpg,artifact,compound_object,,/objects/sc135345.jpg,/objects/small/sc135345_sm.jpg,/objects/thumbs/sc135345_th.jpg,
oc202,oc201,,,,,,,,,,,,,,,,Image;StillImage,image/jpg,artifact,artifact_image,,/objects/sc135345.jpg,/objects/small/sc135345_sm.jpg,/objects/thumbs/sc135345_th.jpg,
oc203,oc201,,,,,,,,,,,,,,,,Image;StillImage,image/jpg,artifact,artifact_image,,/objects/sc135345r.jpg,/objects/small/sc135345r_sm.jpg,/objects/thumbs/sc135345r_th.jpg,
oc202,,SC 1390,Bovidae sp. ,,Mammalia,Artiodactyla ,Ruminantia,Bovidae,Mandible ,Species determination uncertain ,,Mammal;Ruminant;Mandible,,,,,Image;StillImage,image/jpg,artifact,compound_object,,/objects/sc1390.jpg,/objects/small/sc1390_sm.jpg,/objects/thumbs/sc1390_th.jpg,
oc203,oc202,,,,,,,,,,,,,,,,Image;StillImage,image/jpg,artifact,artifact_image,,/objects/sc1390.jpg,/objects/small/sc1390_sm.jpg,/objects/thumbs/sc1390_th.jpg,
oc204,oc202,,,,,,,,,,,,,,,,Image;StillImage,image/jpg,artifact,artifact_image,,/objects/sc1390r.jpg,/objects/small/sc1390r_sm.jpg,/objects/thumbs/sc1390r_th.jpg,
oc205,,SC 2030,Euceratherium collinum,Extinct Shrub-ox,Mammalia,Artiodactyla ,Ruminantia,Bovidae,Mandible Piece,,,Mammal;Ruminant;Extinct;Mandible,,,,,Image;StillImage,image/jpg,artifact,compound_object,,/objects/sc2030.jpg,/objects/small/sc2030_sm.jpg,/objects/thumbs/sc2030_th.jpg,
oc206,oc205,,,,,,,,,,,,,,,,Image;StillImage,image/jpg,artifact,artifact_image,,/objects/sc2030.jpg,/objects/small/sc2030_sm.jpg,/objects/thumbs/sc2030_th.jpg,
oc207,oc205,,,,,,,,,,,,,,,,Image;StillImage,image/jpg,artifact,artifact_image,,/objects/sc2030r.jpg,/objects/small/sc2030r_sm.jpg,/objects/thumbs/sc2030r_th.jpg,
oc208,,SC 1002 ,Rupicapra rupicapra ,Chamois (goat) ,Mammalia,Artiodactyla ,Ruminantia ,Bovidae ,"Full skeleton, mounted",,,Mammal;Ruminant;Goat;Mounted;Skeleton,,,,,Image;StillImage,image/jpg,artifact,compound_object,,/objects/sc1002.jpg,/objects/small/sc1002_sm.jpg,/objects/thumbs/sc1002_th.jpg,
oc209,oc208,,,,,,,,,,,,,,,,Image;StillImage,image/jpg,artifact,artifact_image,,/objects/sc1002.jpg,/objects/small/sc1002_sm.jpg,/objects/thumbs/sc1002_th.jpg,
oc210,oc208,,,,,,,,,,,,,,,,Image;StillImage,image/jpg,artifact,artifact_image,,/objects/sc1002r.jpg,/objects/small/sc1002r_sm.jpg,/objects/thumbs/sc1002r_th.jpg,
oc211,,SC 1009,Bos taurus ,Domestic Cattle ,Mammalia,Artiodactyla ,Ruminantia ,Bovidae ,"Skull, mandible ",,,Mammal;Ruminant;Cattle;Skull;Mandible,,,,,Image;StillImage,image/jpg,artifact,compound_object,,/objects/sc1009.jpg,/objects/small/sc1009_sm.jpg,/objects/thumbs/sc1009_th.jpg,
oc212,oc211,,,,,,,,,,,,,,,,Image;StillImage,image/jpg,artifact,artifact_image,,/objects/sc1009.jpg,/objects/small/sc1009_sm.jpg,/objects/thumbs/sc1009_th.jpg,
oc213,oc211,,,,,,,,,,,,,,,,Image;StillImage,image/jpg,artifact,artifact_image,,/objects/sc1009r.jpg,/objects/small/sc1009r_sm.jpg,/objects/thumbs/sc1009r_th.jpg,
,oc211,,,,,,,,,,,,,,,,Image;StillImage,image/jpg,artifact,artifact_image,,/objects/sc1009f.jpg,/objects/small/sc1009f_sm.jpg,/objects/thumbs/sc1009f_th.jpg,
oc214,,SC 1018,Capra hircus ,Domestic Goat ,Mammalia,Artiodactyla ,Ruminantia ,Bovidae ,Skull ,"Donated by Joaquin Feliciano, as found in field ",,Mammal;Ruminant;Goat;Skull,,,,,Image;StillImage,image/jpg,artifact,compound_object,,/objects/sc1018.jpg,/objects/small/sc1018_sm.jpg,/objects/thumbs/sc1018_th.jpg,
oc215,oc214,,,,,,,,,,,,,,,,Image;StillImage,image/jpg,artifact,artifact_image,,/objects/sc1018.jpg,/objects/small/sc1018_sm.jpg,/objects/thumbs/sc1018_th.jpg,
oc216,oc214,,,,,,,,,,,,,,,,Image;StillImage,image/jpg,artifact,artifact_image,,/objects/sc1018r.jpg,/objects/small/sc1018r_sm.jpg,/objects/thumbs/sc1018r_th.jpg,
oc217,,SC 1019,Ovis aries ,Domestic Sheep ,Mammalia,Artiodactyla ,Ruminantia ,Bovidae ,"Skull, mandible ",,,Mammal;Ruminant;Sheep;Skull;Mandible,,,,,Image;StillImage,image/jpg,artifact,compound_object,,/objects/sc1019.jpg,/objects/small/sc1019_sm.jpg,/objects/thumbs/sc1019_th.jpg,
oc218,oc217,,,,,,,,,,,,,,,,Image;StillImage,image/jpg,artifact,artifact_image,,/objects/sc1019.jpg,/objects/small/sc1019_sm.jpg,/objects/thumbs/sc1019_th.jpg,
oc219,oc217,,,,,,,,,,,,,,,,Image;StillImage,image/jpg,artifact,artifact_image,,/objects/sc1019r.jpg,/objects/small/sc1019r_sm.jpg,/objects/thumbs/sc1019r_th.jpg,
oc220,,SC 1041,Ovis aries ,Domestic Sheep ,Mammalia,Artiodactyla ,Ruminantia ,Bovidae ,Skull ,"Skull sawed in half, painetd to indicate different skull bones ",,Mammal;Ruminant;Sheep;Skull,,,,,Image;StillImage,image/jpg,artifact,compound_object,,/objects/sc1041.jpg,/objects/small/sc1041_sm.jpg,/objects/thumbs/sc1041_th.jpg,
oc221,oc220,,,,,,,,,,,,,,,,Image;StillImage,image/jpg,artifact,artifact_image,,/objects/sc1041.jpg,/objects/small/sc1041_sm.jpg,/objects/thumbs/sc1041_th.jpg,
oc222,oc220,,,,,,,,,,,,,,,,Image;StillImage,image/jpg,artifact,artifact_image,,/objects/sc1041b.jpg,/objects/small/sc1041b_sm.jpg,/objects/thumbs/sc1041b_th.jpg,
oc223,,SC 1349,Bos taurus ,Domestic Cattle ,Mammalia,Artiodactyla ,Ruminantia ,Bovidae ,Scapula ,,,Mammal;Ruminant;Cattle;Scapula,,,,,Image;StillImage,image/jpg,artifact,compound_object,,/objects/sc1349.jpg,/objects/small/sc1349_sm.jpg,/objects/thumbs/sc1349_th.jpg,
oc224,oc223,,,,,,,,,,,,,,,,Image;StillImage,image/jpg,artifact,artifact_image,,/objects/sc1349.jpg,/objects/small/sc1349_sm.jpg,/objects/thumbs/sc1349_th.jpg,
oc225,oc223,,,,,,,,,,,,,,,,Image;StillImage,image/jpg,artifact,artifact_image,,/objects/sc1349r.jpg,/objects/small/sc1349r_sm.jpg,/objects/thumbs/sc1349r_th.jpg,
oc226,,SC 1350,Bos taurus ,Domestic Cattle ,Mammalia,Artiodactyla ,Ruminantia ,Bovidae ,Pelvis ,Specimen is broken in two ,,Mammal;Ruminant;Cattle;Pelvis,,,,,Image;StillImage,image/jpg,artifact,artifact_image,,/objects/sc1350rul.jpg,/objects/small/sc1350rul_sm.jpg,/objects/thumbs/sc1350rul_th.jpg,
oc227,,SC 2034,Ovis sp.,Sheep (Ram),Mammalia,Artiodactyla ,Ruminantia ,Bovidae,Horn,,,Mammal;Ruminant;Sheep;Ram;Horn,,,,,Image;StillImage,image/jpg,artifact,artifact_image,,/objects/sc2034.jpg,/objects/small/sc2034_sm.jpg,/objects/thumbs/sc2034_th.jpg,
oc228,,SC 2035,,Bison or Cattle,Mammalia,Artiodactyla ,Ruminantia ,Bovidae,Horn,,,Mammal;Ruminant;Horn,,,,,Image;StillImage,image/jpg,artifact,artifact_image,,/objects/sc2035.jpg,/objects/small/sc2035_sm.jpg,/objects/thumbs/sc2035_th.jpg,
oc229,,SC1011,Alces alces ,European Elk Moose ,Mammalia,Artiodactyla ,Ruminantia ,Cervidae ,Skull ,,,Mammal;Ruminant;Moose;Elk;Skull,,,,,Image;StillImage,image/jpg,artifact,compound_object,,/objects/sc1011.jpg,/objects/small/sc1011_sm.jpg,/objects/thumbs/sc1011_th.jpg,
oc230,oc229,,,,,,,,,,,,,,,,Image;StillImage,image/jpg,artifact,artifact_image,,/objects/sc1011.jpg,/objects/small/sc1011_sm.jpg,/objects/thumbs/sc1011_th.jpg,
oc231,oc229,,,,,,,,,,,,,,,,Image;StillImage,image/jpg,artifact,artifact_image,,/objects/sc1011r.jpg,/objects/small/sc1011r_sm.jpg,/objects/thumbs/sc1011r_th.jpg,
oc232,,SC1012,Odocoileus virginianus ,White-tailed Deer,Mammalia,Artiodactyla ,Ruminantia ,Cervidae ,"Skull, mandible ",Anterior part of rostrum (maxilla) broken off on left side ,,Mammal;Ruminant;Deer;Skull;Mandible,,,,,Image;StillImage,image/jpg,artifact,compound_object,,/objects/sc1012.jpg,/objects/small/sc1012_sm.jpg,/objects/thumbs/sc1012_th.jpg,
oc233,oc232,,,,,,,,,,,,,,,,Image;StillImage,image/jpg,artifact,artifact_image,,/objects/sc1012.jpg,/objects/small/sc1012_sm.jpg,/objects/thumbs/sc1012_th.jpg,
oc234,oc232,,,,,,,,,,,,,,,,Image;StillImage,image/jpg,artifact,artifact_image,,/objects/sc1012r.jpg,/objects/small/sc1012r_sm.jpg,/objects/thumbs/sc1012r_th.jpg,
oc235,,SC 2032,Odocoileus virginianus ,White-tailed Deer,Mammalia,Artiodactyla ,Ruminantia ,Cervidae ,Vertebrae and Pelvis,,,Mammal;Ruminant;Deer;Vertebrae;Pelvis;Disarticulated,,,,,Image;StillImage,image/jpg,artifact,compound_object,,/objects/sc2032.jpg,/objects/small/sc2032_sm.jpg,/objects/thumbs/sc2032_th.jpg,
oc236,oc235,,,,,,,,,,,,,,,,Image;StillImage,image/jpg,artifact,artifact_image,,/objects/sc2032.jpg,/objects/small/sc2032_sm.jpg,/objects/thumbs/sc2032_th.jpg,
oc237,oc235,,,,,,,,,,,,,,,,Image;StillImage,image/jpg,artifact,artifact_image,,/objects/sc2032r.jpg,/objects/small/sc2032r_sm.jpg,/objects/thumbs/sc2032r_th.jpg,
oc238,oc235,,,,,,,,,,,,,,,,Image;StillImage,image/jpg,artifact,artifact_image,,/objects/sc2032a.jpg,/objects/small/sc2032a_sm.jpg,/objects/thumbs/sc2032a_th.jpg,
oc239,oc235,,,,,,,,,,,,,,,,Image;StillImage,image/jpg,artifact,artifact_image,,/objects/sc2032b.jpg,/objects/small/sc2032b_sm.jpg,/objects/thumbs/sc2032b_th.jpg,
oc240,,SC 2033,Giraffa,Giraffe,Mammalia,Artiodactyla ,Ruminantia , Giraffidae,Vertebrae,,,Mammal;Ruminant;Giraffe;Vertebrae,,,,,Image;StillImage,image/jpg,artifact,compound_object,,/objects/sc2033.jpg,/objects/small/sc2033_sm.jpg,/objects/thumbs/sc2033_th.jpg,
oc241,oc240,,,,,,,,,,,,,,,,Image;StillImage,image/jpg,artifact,artifact_image,,/objects/sc2033.jpg,/objects/small/sc2033_sm.jpg,/objects/thumbs/sc2033_th.jpg,
oc242,oc240,,,,,,,,,,,,,,,,Image;StillImage,image/jpg,artifact,artifact_image,,/objects/sc2033r.jpg,/objects/small/sc2033r_sm.jpg,/objects/thumbs/sc2033r_th.jpg,
oc243,,SC 1369,Ruminantia sp. ,unknown,Mammalia,Artiodactyla ,Ruminantia ,Cervidae or Bovidae,Vertebrae ,Species determination uncertain ,,Mammal;Ruminant;Vertebrae,,,,,Image;StillImage,image/jpg,artifact,artifact_image,,/objects/sc1369.jpg,/objects/small/sc1369_sm.jpg,/objects/thumbs/sc1369_th.jpg,
oc244,,SC 1358,Ruminantia sp. ,unknown,Mammalia,Artiodactyla ,Ruminantia ,Cervidae or Bovidae,Humerus,species determination uncertain ,,Mammal;Ruminant;Humerus,,,,,Image;StillImage,image/jpg,artifact,artifact_image,,/objects/sc1358.jpg,/objects/small/sc1358_sm.jpg,/objects/thumbs/sc1358_th.jpg,
oc245,,SC 1359,Ruminantia sp. ,unknown,Mammalia,Artiodactyla ,Ruminantia ,Cervidae or Bovidae,Forelimb Bones ,"Species determination uncertain, specimen includes ulna and radius fused together ",,Mammal;Ruminant;Forelimb,,,,,Image;StillImage,image/jpg,artifact,artifact_image,,/objects/sc1359.jpg,/objects/small/sc1359_sm.jpg,/objects/thumbs/sc1359_th.jpg,
oc246,,SC 1015,Steno bredanensis,Rough-toothed Dolphin ,Mammalia,Artiodactyla ,Odontoceti,Delphinidae ,"Skull, mandible ",,,Mammal;Marine;Dolphin;Skull;Mandible,,,,,,,,,,,,,
oc247,,SC 1016,Delphinapterus leucas,Beluga Whale,Mammalia,Artiodactyla ,Odontoceti,Monodontidae,"Skull, mandible ",,,Mammal;Marine;Whale;Skull;Mandible,,,,,Image;StillImage,image/jpg,artifact,compound_object,,/objects/sc1016.jpg,/objects/small/sc1016_sm.jpg,/objects/thumbs/sc1016_th.jpg,
oc248,oc247,,,,,,,,,,,,,,,,Image;StillImage,image/jpg,artifact,artifact_image,,/objects/sc1016.jpg,/objects/small/sc1016_sm.jpg,/objects/thumbs/sc1016_th.jpg,
oc249,oc247,,,,,,,,,,,,,,,,Image;StillImage,image/jpg,artifact,artifact_image,,/objects/sc1016r.jpg,/objects/small/sc1016r_sm.jpg,/objects/thumbs/sc1016r_th.jpg,
oc250,,SC 1361,Delphinapterus leucas,Beluga Whale,Mammalia,Artiodactyla ,Odontoceti,Monodontidae,2x Scapula,,,Mammal;Marine;Whale;Skull;Scapula,,,,,Image;StillImage,image/jpg,artifact,compound_object,,/objects/sc1361.jpg,/objects/small/sc1361_sm.jpg,/objects/thumbs/sc1361_th.jpg,
oc251,oc250,,,,,,,,,,,,,,,,Image;StillImage,image/jpg,artifact,artifact_image,,/objects/sc1361.jpg,/objects/small/sc1361_sm.jpg,/objects/thumbs/sc1361_th.jpg,
oc252,oc250,,,,,,,,,,,,,,,,Image;StillImage,image/jpg,artifact,artifact_image,,/objects/sc1361r.jpg,/objects/small/sc1361r_sm.jpg,/objects/thumbs/sc1361r_th.jpg,
oc253,,SC 1362,Delphinapterus leucas,Beluga Whale,Mammalia,Artiodactyla ,Odontoceti,Monodontidae,Baculum,Missing,,Mammal;Marine;Whale;Skull;missing,,,,,,,,,,,,,
oc254,,SC 1363,Delphinapterus leucas,Beluga Whale,Mammalia,Artiodactyla ,Odontoceti,Monodontidae,Forelimb Bones ,Species determination uncertain,,Mammal;Marine;Whale;Skull;Forlimb,,,,,,,,,,,,,
oc255,,SC 1393,Phocoenoides dalli,Dall's Porpoise,Mammalia,Artiodactyla ,Odontoceti,Phocoenidae,Lumbar Vertebrae,,,Mammal;Porpoise;Vertebrae,,,,,Image;StillImage,image/jpg,artifact,compound_object,,/objects/sc1393.jpg,/objects/small/sc1393_sm.jpg,/objects/thumbs/sc1393_th.jpg,
oc256,oc255,,,,,,,,,,,,,,,,Image;StillImage,image/jpg,artifact,artifact_image,,/objects/sc1393.jpg,/objects/small/sc1393_sm.jpg,/objects/thumbs/sc1393_th.jpg,
oc257,oc255,,,,,,,,,,,,,,,,Image;StillImage,image/jpg,artifact,artifact_image,,/objects/sc1393r.jpg,/objects/small/sc1393r_sm.jpg,/objects/thumbs/sc1393r_th.jpg,
oc258,,SC1001 ,Hippopotamus amphibious ,Hippopotamus ,Mammalia,Artiodactyla ,Whippomorpha,Hippopotamidae ,"Skull, mandible ",,,Mammal;Marine;Semi-Aquatic;Mounted;Skull;Mandible,,,,,,,,,,,,,
oc259,,SC 1076,Sus scrofa domesticus,Domestic Pig,Mammalia,Artiodactyla ,Suina ,Suidae,"Skull, mandible ",,,Mammal;Pig;Skull;Mandible,,,,,Image;StillImage,image/jpg,artifact,compound_object,,/objects/sc1076.jpg,/objects/small/sc1076_sm.jpg,/objects/thumbs/sc1076_th.jpg,
oc260,oc259,,,,,,,,,,,,,,,,Image;StillImage,image/jpg,artifact,artifact_image,,/objects/sc1076.jpg,/objects/small/sc1076_sm.jpg,/objects/thumbs/sc1076_th.jpg,
oc261,oc259,,,,,,,,,,,,,,,,Image;StillImage,image/jpg,artifact,artifact_image,,/objects/sc1076r.jpg,/objects/small/sc1076r_sm.jpg,/objects/thumbs/sc1076r_th.jpg,
oc262,,SC 1373,Sus scrofa ,Wild Boar,Mammalia,Artiodactyla ,Suiformes ,Suidae,Rostrum,,,Mammal;Boar;Rostrum,,,,,Image;StillImage,image/jpg,artifact,compound_object,,/objects/sc1373.jpg,/objects/small/sc1373_sm.jpg,/objects/thumbs/sc1373_th.jpg,
oc263,oc262,,,,,,,,,,,,,,,,Image;StillImage,image/jpg,artifact,artifact_image,,/objects/sc1373.jpg,/objects/small/sc1373_sm.jpg,/objects/thumbs/sc1373_th.jpg,
oc264,oc262,,,,,,,,,,,,,,,,Image;StillImage,image/jpg,artifact,artifact_image,,/objects/sc1373r.jpg,/objects/small/sc1373r_sm.jpg,/objects/thumbs/sc1373r_th.jpg,
oc265,,SC 1033,Tayassu tajacu ,Collared Peccary ,Mammalia,Artiodactyla ,Suina,Tayassuidae ,Skull ,Skull is bleached ,,Mammal;Peccary;Skull,,,,,Image;StillImage,image/jpg,artifact,compound_object,,/objects/sc1033.jpg,/objects/small/sc1033_sm.jpg,/objects/thumbs/sc1033_th.jpg,
oc266,oc265,,,,,,,,,,,,,,,,Image;StillImage,image/jpg,artifact,artifact_image,,/objects/sc1033.jpg,/objects/small/sc1033_sm.jpg,/objects/thumbs/sc1033_th.jpg,
oc267,oc265,,,,,,,,,,,,,,,,Image;StillImage,image/jpg,artifact,artifact_image,,/objects/sc1033r.jpg,/objects/small/sc1033r_sm.jpg,/objects/thumbs/sc1033r_th.jpg,
oc268,,SC1003,Canis lupus familiaris ,Domestic Dog ,Mammalia,Carnivora ,Caniformia ,Canidae ,"Full skeleton, mounted",,,Mammal;Carnivore;Canine;Dog;Mounted;Skeleton,,,,,Image;StillImage,image/jpg,artifact,artifact_image,,/objects/sc1003.jpg,/objects/small/sc1003_sm.jpg,/objects/thumbs/sc1003_th.jpg,
oc269,,SC 1021,Canis lupus ,"Gray, Timber Wolf ",Mammalia,Carnivora ,Caniformia ,Canidae ,"Skull, mandible ",,,Mammal;Carnivore;Canine;Wolf;Skull;Mandible,,,,,Image;StillImage,image/jpg,artifact,compound_object,,/objects/sc1021.jpg,/objects/small/sc1021_sm.jpg,/objects/thumbs/sc1021_th.jpg,
oc270,oc269,,,,,,,,,,,,,,,,Image;StillImage,image/jpg,artifact,artifact_image,,/objects/sc1021.jpg,/objects/small/sc1021_sm.jpg,/objects/thumbs/sc1021_th.jpg,
oc271,oc269,,,,,,,,,,,,,,,,Image;StillImage,image/jpg,artifact,artifact_image,,/objects/sc1021r.jpg,/objects/small/sc1021r_sm.jpg,/objects/thumbs/sc1021r_th.jpg,
oc272,,SC 1030,Canis lupus familiaris ,Bull Dog ,Mammalia,Carnivora ,Caniformia ,Canidae ,Skull ,,,Mammal;Carnivore;Canine;Dog;Skull,,,,,Image;StillImage,image/jpg,artifact,compound_object,,/objects/sc1030.jpg,/objects/small/sc1030_sm.jpg,/objects/thumbs/sc1030_th.jpg,
oc273,oc272,,,,,,,,,,,,,,,,Image;StillImage,image/jpg,artifact,artifact_image,,/objects/sc1030.jpg,/objects/small/sc1030_sm.jpg,/objects/thumbs/sc1030_th.jpg,
oc274,oc272,,,,,,,,,,,,,,,,Image;StillImage,image/jpg,artifact,artifact_image,,/objects/sc1030f.jpg,/objects/small/sc1030f_sm.jpg,/objects/thumbs/sc1030f_th.jpg,
oc275,oc272,,,,,,,,,,,,,,,,Image;StillImage,image/jpg,artifact,artifact_image,,/objects/sc1030r.jpg,/objects/small/sc1030r_sm.jpg,/objects/thumbs/sc1030r_th.jpg,
oc276,,SC 1034,Canis lupus ,Wolf ,Mammalia,Carnivora ,Caniformia ,Canidae ,"Skull, mandible ",,,Mammal;Carnivore;Canine;Wolf;Skull;Mandible,,,,,Image;StillImage,image/jpg,artifact,compound_object,,/objects/sc1034.jpg,/objects/small/sc1034_sm.jpg,/objects/thumbs/sc1034_th.jpg,
oc277,oc276,,,,,,,,,,,,,,,,Image;StillImage,image/jpg,artifact,artifact_image,,/objects/sc1034.jpg,/objects/small/sc1034_sm.jpg,/objects/thumbs/sc1034_th.jpg,
oc278,oc276,,,,,,,,,,,,,,,,Image;StillImage,image/jpg,artifact,artifact_image,,/objects/sc1034r.jpg,/objects/small/sc1034r_sm.jpg,/objects/thumbs/sc1034r_th.jpg,
oc279,,SC 1042,Canis lupus familiaris ,Domestic Dog ,Mammalia,Carnivora ,Caniformia ,Canidae ,"Skull, mandible ",,,Mammal;Carnivore;Canine;Dog;Skull;Mandible,,,,,Image;StillImage,image/jpg,artifact,compound_object,,/objects/sc1042.jpg,/objects/small/sc1042_sm.jpg,/objects/thumbs/sc1042_th.jpg,
oc280,oc279,,,,,,,,,,,,,,,,Image;StillImage,image/jpg,artifact,artifact_image,,/objects/sc1042.jpg,/objects/small/sc1042_sm.jpg,/objects/thumbs/sc1042_th.jpg,
oc281,oc279,,,,,,,,,,,,,,,,Image;StillImage,image/jpg,artifact,artifact_image,,/objects/sc1042r.jpg,/objects/small/sc1042r_sm.jpg,/objects/thumbs/sc1042r_th.jpg,
oc282,,SC 1046,Urocyon cinereoargenteus,Gray Fox ,Mammalia,Carnivora ,Caniformia ,Canidae ,"Skull, mandible ",,,Mammal;Carnivore;Canine;Fox;Skull;Mandible,,,,,Image;StillImage,image/jpg,artifact,compound_object,,/objects/sc1046.jpg,/objects/small/sc1046_sm.jpg,/objects/thumbs/sc1046_th.jpg,
oc283,oc282,,,,,,,,,,,,,,,,Image;StillImage,image/jpg,artifact,artifact_image,,/objects/sc1046.jpg,/objects/small/sc1046_sm.jpg,/objects/thumbs/sc1046_th.jpg,
oc284,oc282,,,,,,,,,,,,,,,,Image;StillImage,image/jpg,artifact,artifact_image,,/objects/sc1046r.jpg,/objects/small/sc1046r_sm.jpg,/objects/thumbs/sc1046r_th.jpg,
oc285,,SC 1048,Canis lupus familiaris ,Domestic Dog ,Mammalia,Carnivora ,Caniformia ,Canidae ,Skull ,Skull cap sawed off ,,Mammal;Carnivore;Canine;Dog;Skull,,,,,Image;StillImage,image/jpg,artifact,compound_object,,/objects/sc1048.jpg,/objects/small/sc1048_sm.jpg,/objects/thumbs/sc1048_th.jpg,
oc286,oc285,,,,,,,,,,,,,,,,Image;StillImage,image/jpg,artifact,artifact_image,,/objects/sc1048.jpg,/objects/small/sc1048_sm.jpg,/objects/thumbs/sc1048_th.jpg,
oc287,oc285,,,,,,,,,,,,,,,,Image;StillImage,image/jpg,artifact,artifact_image,,/objects/sc1048f.jpg,/objects/small/sc1048f_sm.jpg,/objects/thumbs/sc1048f_th.jpg,
oc288,oc285,,,,,,,,,,,,,,,,Image;StillImage,image/jpg,artifact,artifact_image,,/objects/sc1048r.jpg,/objects/small/sc1048r_sm.jpg,/objects/thumbs/sc1048r_th.jpg,
oc289,,SC 1052,Canis latrans,Coyote ,Mammalia,Carnivora ,Caniformia ,Canidae ,Skull ,,,Mammal;Carnivore;Canine;Coyote;Skull,,,,,Image;StillImage,image/jpg,artifact,compound_object,,/objects/sc1052.jpg,/objects/small/sc1052_sm.jpg,/objects/thumbs/sc1052_th.jpg,
oc290,oc289,,,,,,,,,,,,,,,,Image;StillImage,image/jpg,artifact,artifact_image,,/objects/sc1052.jpg,/objects/small/sc1052_sm.jpg,/objects/thumbs/sc1052_th.jpg,
oc291,oc289,,,,,,,,,,,,,,,,Image;StillImage,image/jpg,artifact,artifact_image,,/objects/sc1052r.jpg,/objects/small/sc1052r_sm.jpg,/objects/thumbs/sc1052r_th.jpg,
oc292,,SC 1056,Urocyon cinereoargenteus,Gray Fox ,Mammalia,Carnivora ,Caniformia ,Canidae ,Skull ,,,Mammal;Carnivore;Canine;Fox;Skull,,,,,Image;StillImage,image/jpg,artifact,compound_object,,/objects/sc1056.jpg,/objects/small/sc1056_sm.jpg,/objects/thumbs/sc1056_th.jpg,
oc293,oc292,,,,,,,,,,,,,,,,Image;StillImage,image/jpg,artifact,artifact_image,,/objects/sc1056.jpg,/objects/small/sc1056_sm.jpg,/objects/thumbs/sc1056_th.jpg,
oc294,oc292,,,,,,,,,,,,,,,,Image;StillImage,image/jpg,artifact,artifact_image,,/objects/sc1056r.jpg,/objects/small/sc1056r_sm.jpg,/objects/thumbs/sc1056r_th.jpg,
oc295,,SC 1060,Canis lupus familiaris ,Domestic Dog ,Mammalia,Carnivora ,Caniformia ,Canidae ,Skull ,Left zygomatic process and left front part of rostrum broken ,,Mammal;Carnivore;Canine;Dog;Skull,,,,,Image;StillImage,image/jpg,artifact,compound_object,,/objects/sc1060.jpg,/objects/small/sc1060_sm.jpg,/objects/thumbs/sc1060_th.jpg,
oc296,oc295,,,,,,,,,,,,,,,,Image;StillImage,image/jpg,artifact,artifact_image,,/objects/sc1060.jpg,/objects/small/sc1060_sm.jpg,/objects/thumbs/sc1060_th.jpg,
oc297,oc295,,,,,,,,,,,,,,,,Image;StillImage,image/jpg,artifact,artifact_image,,/objects/sc1060r.jpg,/objects/small/sc1060r_sm.jpg,/objects/thumbs/sc1060r_th.jpg,
oc298,,SC 1061,Canis lupus familiaris ,Domestic Dog ,Mammalia,Carnivora ,Caniformia ,Canidae ,Skull,Rostrum broken ,,Mammal;Carnivore;Canine;Dog;Skull,,,,,Image;StillImage,image/jpg,artifact,compound_object,,/objects/sc1061.jpg,/objects/small/sc1061_sm.jpg,/objects/thumbs/sc1061_th.jpg,
oc299,oc298,,,,,,,,,,,,,,,,Image;StillImage,image/jpg,artifact,artifact_image,,/objects/sc1061.jpg,/objects/small/sc1061_sm.jpg,/objects/thumbs/sc1061_th.jpg,
oc300,oc298,,,,,,,,,,,,,,,,Image;StillImage,image/jpg,artifact,artifact_image,,/objects/sc1061r.jpg,/objects/small/sc1061r_sm.jpg,/objects/thumbs/sc1061r_th.jpg,
oc301,,SC 1071,Canis lupus familiaris ,Domestic Dog ,Mammalia,Carnivora ,Caniformia ,Canidae ,Skull ,,,Mammal;Carnivore;Canine;Dog;Skull,,,,,,,,,,,,,
oc302,,SC 1077,Canis latrans,Coyote ,Mammalia,Carnivora ,Caniformia ,Canidae ,Skull ,Skull sawed in half ,,Mammal;Carnivore;Canine;Coyote;Skull,,,,,Image;StillImage,image/jpg,artifact,compound_object,,/objects/sc1077.jpg,/objects/small/sc1077_sm.jpg,/objects/thumbs/sc1077_th.jpg,
oc303,oc302,,,,,,,,,,,,,,,,Image;StillImage,image/jpg,artifact,artifact_image,,/objects/sc1077.jpg,/objects/small/sc1077_sm.jpg,/objects/thumbs/sc1077_th.jpg,
oc304,,SC 1078,Canis latrans,Coyote ,Mammalia,Carnivora ,Caniformia ,Canidae ,Skull ,Skull sawed in half ,,Mammal;Carnivore;Canine;Coyote;Skull,,,,,Image;StillImage,image/jpg,artifact,compound_object,,/objects/sc1078.jpg,/objects/small/sc1078_sm.jpg,/objects/thumbs/sc1078_th.jpg,
oc305,oc304,,,,,,,,,,,,,,,,Image;StillImage,image/jpg,artifact,artifact_image,,/objects/sc1078.jpg,/objects/small/sc1078_sm.jpg,/objects/thumbs/sc1078_th.jpg,
oc306,oc304,,,,,,,,,,,,,,,,Image;StillImage,image/jpg,artifact,artifact_image,,/objects/sc1078r.jpg,/objects/small/sc1078r_sm.jpg,/objects/thumbs/sc1078r_th.jpg,
oc307,,SC 1079,Canis latrans,Coyote ,Mammalia,Carnivora ,Caniformia ,Canidae ,Skull ,Skull sawed in half ,,Mammal;Carnivore;Canine;Coyote;Skull,,,,,Image;StillImage,image/jpg,artifact,compound_object,,/objects/sc1079.jpg,/objects/small/sc1079_sm.jpg,/objects/thumbs/sc1079_th.jpg,
oc308,oc307,,,,,,,,,,,,,,,,Image;StillImage,image/jpg,artifact,artifact_image,,/objects/sc1079.jpg,/objects/small/sc1079_sm.jpg,/objects/thumbs/sc1079_th.jpg,
oc309,oc307,,,,,,,,,,,,,,,,Image;StillImage,image/jpg,artifact,artifact_image,,,,,
oc310,,SC 1382,Canis lupus familiaris ,Domestic Dog ,Mammalia,Carnivora ,Caniformia ,Canidae ,Skull Bones ,Specimen includes posterior skull bones ,,Mammal;Carnivore;Canine;Dog;Skull;Fractured,,,,,Image;StillImage,image/jpg,artifact,compound_object,,/objects/sc1382.jpg,/objects/small/sc1382_sm.jpg,/objects/thumbs/sc1382_th.jpg,
oc311,oc310,,,,,,,,,,,,,,,,Image;StillImage,image/jpg,artifact,artifact_image,,/objects/sc1382.jpg,/objects/small/sc1382_sm.jpg,/objects/thumbs/sc1382_th.jpg,
oc312,oc310,,,,,,,,,,,,,,,,Image;StillImage,image/jpg,artifact,artifact_image,,/objects/sc1382r.jpg,/objects/small/sc1382r_sm.jpg,/objects/thumbs/sc1382r_th.jpg,
oc313,,SC 1383,Canis lupus familiaris ,Domestic Dog ,Mammalia,Carnivora ,Caniformia ,Canidae ,Skull Bones ,Specimen includes posterior skull bones ,,Mammal;Carnivore;Canine;Dog;Skull;Fractured,,,,,Image;StillImage,image/jpg,artifact,compound_object,,/objects/sc1383.jpg,/objects/small/sc1383_sm.jpg,/objects/thumbs/sc1383_th.jpg,
oc314,oc313,,,,,,,,,,,,,,,,Image;StillImage,image/jpg,artifact,artifact_image,,/objects/sc1383.jpg,/objects/small/sc1383_sm.jpg,/objects/thumbs/sc1383_th.jpg,
oc315,oc313,,,,,,,,,,,,,,,,Image;StillImage,image/jpg,artifact,artifact_image,,/objects/sc1383r.jpg,/objects/small/sc1383r_sm.jpg,/objects/thumbs/sc1383r_th.jpg,
oc316,,SC 1384,Canis latrans,Coyote ,Mammalia,Carnivora ,Caniformia ,Canidae ,Skull Bones ,Specimen includes anterior skull bones sawed in half ,,Mammal;Carnivore;Canine;Coyote;Skull;Fractured,,,,,Image;StillImage,image/jpg,artifact,compound_object,,/objects/sc1384.jpg,/objects/small/sc1384_sm.jpg,/objects/thumbs/sc1384_th.jpg,
oc317,oc316,,,,,,,,,,,,,,,,Image;StillImage,image/jpg,artifact,artifact_image,,/objects/sc1384.jpg,/objects/small/sc1384_sm.jpg,/objects/thumbs/sc1384_th.jpg,
oc318,oc316,,,,,,,,,,,,,,,,Image;StillImage,image/jpg,artifact,artifact_image,,/objects/sc1384r.jpg,/objects/small/sc1384r_sm.jpg,/objects/thumbs/sc1384r_th.jpg,
oc319,,SC 1385,Canis latrans,Coyote ,Mammalia,Carnivora ,Caniformia ,Canidae ,Skull Bones ,Specimen includes anterior skull bones sawed in half ,,Mammal;Carnivore;Canine;Coyote;Skull;Fractured,,,,,Image;StillImage,image/jpg,artifact,compound_object,,/objects/sc1385.jpg,/objects/small/sc1385_sm.jpg,/objects/thumbs/sc1385_th.jpg,
oc320,oc319,,,,,,,,,,,,,,,,Image;StillImage,image/jpg,artifact,artifact_image,,/objects/sc1385.jpg,/objects/small/sc1385_sm.jpg,/objects/thumbs/sc1385_th.jpg,
oc321,oc319,,,,,,,,,,,,,,,,Image;StillImage,image/jpg,artifact,artifact_image,,/objects/sc1385r.jpg,/objects/small/sc1385r_sm.jpg,/objects/thumbs/sc1385r_th.jpg,
oc322,,SC 1386,Canis latrans,Coyote ,Mammalia,Carnivora ,Caniformia ,Canidae ,Skull Bones ,"Specimen includes frontal, nasal bones and cheek teeth ",,Mammal;Carnivore;Canine;Coyote;Skull;Fractured,,,,,Image;StillImage,image/jpg,artifact,compound_object,,/objects/sc1386.jpg,/objects/small/sc1386_sm.jpg,/objects/thumbs/sc1386_th.jpg,
oc323,oc322,,,,,,,,,,,,,,,,Image;StillImage,image/jpg,artifact,artifact_image,,/objects/sc1386.jpg,/objects/small/sc1386_sm.jpg,/objects/thumbs/sc1386_th.jpg,
oc324,oc322,,,,,,,,,,,,,,,,Image;StillImage,image/jpg,artifact,artifact_image,,/objects/sc1386r.jpg,/objects/small/sc1386r_sm.jpg,/objects/thumbs/sc1386r_th.jpg,
oc325,,SC 1387,Canis latrans,Coyote ,Mammalia,Carnivora ,Caniformia ,Canidae ,Mandible ,Specimen Broken ,,Mammal;Carnivore;Canine;Coyote;Mandible,,,,,Image;StillImage,image/jpg,artifact,compound_object,,/objects/sc1387.jpg,/objects/small/sc1387_sm.jpg,/objects/thumbs/sc1387_th.jpg,
oc326,oc325,,,,,,,,,,,,,,,,Image;StillImage,image/jpg,artifact,artifact_image,,/objects/sc1387.jpg,/objects/small/sc1387_sm.jpg,/objects/thumbs/sc1387_th.jpg,
oc327,oc325,,,,,,,,,,,,,,,,Image;StillImage,image/jpg,artifact,artifact_image,,/objects/sc1387r.jpg,/objects/small/sc1387r_sm.jpg,/objects/thumbs/sc1387r_th.jpg,
oc328,,SC 1391,Canis lupus ,"Gray, Timber Wolf ",Mammalia,Carnivora ,Caniformia ,Canidae ,Mandible ,,,Mammal;Carnivore;Canine;Wolf;Mandible,,,,,Image;StillImage,image/jpg,artifact,compound_object,,/objects/sc1391.jpg,/objects/small/sc1391_sm.jpg,/objects/thumbs/sc1391_th.jpg,
oc329,oc328,,,,,,,,,,,,,,,,Image;StillImage,image/jpg,artifact,artifact_image,,/objects/sc1391.jpg,/objects/small/sc1391_sm.jpg,/objects/thumbs/sc1391_th.jpg,
oc330,oc328,,,,,,,,,,,,,,,,Image;StillImage,image/jpg,artifact,artifact_image,,/objects/sc1391r.jpg,/objects/small/sc1391r_sm.jpg,/objects/thumbs/sc1391r_th.jpg,
oc331,,SC 1054,Canis latrans,Coyote ,Mammalia,Carnivora ,Caniformia ,Caniformia ,Skull ,,,Mammal;Carnivore;Canine;Coyote;Skull,,,,,Image;StillImage,image/jpg,artifact,compound_object,,/objects/sc1054.jpg,/objects/small/sc1054_sm.jpg,/objects/thumbs/sc1054_th.jpg,
oc332,oc331,,,,,,,,,,,,,,,,Image;StillImage,image/jpg,artifact,artifact_image,,/objects/sc1054.jpg,/objects/small/sc1054_sm.jpg,/objects/thumbs/sc1054_th.jpg,
oc333,oc331,,,,,,,,,,,,,,,,Image;StillImage,image/jpg,artifact,artifact_image,,/objects/sc1054r.jpg,/objects/small/sc1054r_sm.jpg,/objects/thumbs/sc1054r_th.jpg,
oc334,,SC 1055,Canis latrans,Coyote ,Mammalia,Carnivora ,Caniformia ,Caniformia ,Skull ,,,Mammal;Carnivore;Canine;Coyote;Skull,,,,,Image;StillImage,image/jpg,artifact,compound_object,,/objects/sc1055.jpg,/objects/small/sc1055_sm.jpg,/objects/thumbs/sc1055_th.jpg,
oc335,oc334,,,,,,,,,,,,,,,,Image;StillImage,image/jpg,artifact,artifact_image,,/objects/sc1055.jpg,/objects/small/sc1055_sm.jpg,/objects/thumbs/sc1055_th.jpg,
oc336,oc334,,,,,,,,,,,,,,,,Image;StillImage,image/jpg,artifact,artifact_image,,/objects/sc1055r.jpg,/objects/small/sc1055r_sm.jpg,/objects/thumbs/sc1055r_th.jpg,
oc337,,SC 1057,Canis latrans,Coyote ,Mammalia,Carnivora ,Caniformia ,Caniformia ,Skull ,,,Mammal;Carnivore;Canine;Coyote;Skull,,,,,Image;StillImage,image/jpg,artifact,compound_object,,/objects/sc1057.jpg,/objects/small/sc1057_sm.jpg,/objects/thumbs/sc1057_th.jpg,
oc338,oc337,,,,,,,,,,,,,,,,Image;StillImage,image/jpg,artifact,artifact_image,,/objects/sc1057.jpg,/objects/small/sc1057_sm.jpg,/objects/thumbs/sc1057_th.jpg,
oc339,oc337,,,,,,,,,,,,,,,,Image;StillImage,image/jpg,artifact,artifact_image,,/objects/sc1057r.jpg,/objects/small/sc1057r_sm.jpg,/objects/thumbs/sc1057r_th.jpg,
oc340,,SC 1058,Canis latrans,Coyote ,Mammalia,Carnivora ,Caniformia ,Caniformia ,Skull ,Zygomatic processes broken ,,Mammal;Carnivore;Canine;Coyote;Skull,,,,,Image;StillImage,image/jpg,artifact,artifact_image,,/objects/sc1058.jpg,/objects/small/sc1058_sm.jpg,/objects/thumbs/sc1058_th.jpg,
oc341,oc340,,,,,,,,,,,,,,,,,,,,,,,,
oc342,,SC 1059,Canis latrans,Coyote ,Mammalia,Carnivora ,Caniformia ,Caniformia ,Skull ,Zygomatic processes and front portion of rostrum broken ,,Mammal;Carnivore;Canine;Coyote;Skull,,,,,Image;StillImage,image/jpg,artifact,compound_object,,/objects/sc1059.jpg,/objects/small/sc1059_sm.jpg,/objects/thumbs/sc1059_th.jpg,
oc343,oc342,,,,,,,,,,,,,,,,Image;StillImage,image/jpg,artifact,artifact_image,,/objects/sc1059.jpg,/objects/small/sc1059_sm.jpg,/objects/thumbs/sc1059_th.jpg,
oc344,oc342,,,,,,,,,,,,,,,,Image;StillImage,image/jpg,artifact,artifact_image,,/objects/sc1059r.jpg,/objects/small/sc1059r_sm.jpg,/objects/thumbs/sc1059r_th.jpg,
oc345,,SC 1014,Panthera leo or Panthera tigris ,Lion or Tiger,Mammalia,Carnivora ,Feliformia ,Felidae ,"Mounted skull, mandible ",,,Mammal;Carnivore;Feline;Cat;Mounted;Skull;Mandible,,,,,Image;StillImage,image/jpg,artifact,compound_object,,/objects/sc1014.jpg,/objects/small/sc1014_sm.jpg,/objects/thumbs/sc1014_th.jpg,
oc346,oc345,,,,,,,,,,,,,,,,Image;StillImage,image/jpg,artifact,artifact_image,,/objects/sc1014.jpg,/objects/small/sc1014_sm.jpg,/objects/thumbs/sc1014_th.jpg,
oc347,oc345,,,,,,,,,,,,,,,,Image;StillImage,image/jpg,artifact,artifact_image,,/objects/sc1014f.jpg,/objects/small/sc1014f_sm.jpg,/objects/thumbs/sc1014f_th.jpg,
oc348,,SC 1023,Felis catus ,Domestic Cat ,Mammalia,Carnivora ,Feliformia ,Felidae ,"Full skeleton, mounted",,,Mammal;Carnivore;Feline;Cat;Mounted;Skeleton,,,,,,,,,,,,,
oc349,oc348,,,,,,,,,,,,,,,,,,,,,,,,
oc350,,SC 1024,Felis catus ,Domestic Cat ,Mammalia,Carnivora ,Feliformia ,Felidae ,"Mounted skeleton, no skull or mandible ",,,Mammal;Carnivore;Feline;Cat;Mounted;Skeleton,,,,,Image;StillImage,image/jpg,artifact,compound_object,,/objects/sc1024f.jpg,/objects/small/sc1024f_sm.jpg,/objects/thumbs/sc1024f_th.jpg,
oc351,oc350,,,,,,,,,,,,,,,,Image;StillImage,image/jpg,artifact,artifact_image,,/objects/sc1024f.jpg,/objects/small/sc1024f_sm.jpg,/objects/thumbs/sc1024f_th.jpg,
oc352,oc350,,,,,,,,,,,,,,,,Image;StillImage,image/jpg,artifact,artifact_image,,/objects/sc1024r.jpg,/objects/small/sc1024r_sm.jpg,/objects/thumbs/sc1024r_th.jpg,
oc353,,SC 1025,Felis catus ,Domestic Cat ,Mammalia,Carnivora ,Feliformia ,Felidae ,"Monted skeleton, no skull or mandible ",,,Mammal;Carnivore;Feline;Cat;Mounted;Skeleton,,,,,Image;StillImage,image/jpg,artifact,artifact_image,,/objects/sc1025r.jpg,/objects/small/sc1025r_sm.jpg,/objects/thumbs/sc1025r_th.jpg,
oc354,oc353,,,,,,,,,,,,,,,,,,,,,,,,
oc355,,SC 1032,Panthera onca ,Jaguar ,Mammalia,Carnivora ,Feliformia ,Felidae ,Skull,Skull cap has been removed. species determination uncertain ,,Mammal;Carnivore;Feline;Cat;Skull,,,,,Image;StillImage,image/jpg,artifact,compound_object,,/objects/sc1032.jpg,/objects/small/sc1032_sm.jpg,/objects/thumbs/sc1032_th.jpg,
oc356,oc355,,,,,,,,,,,,,,,,Image;StillImage,image/jpg,artifact,artifact_image,,/objects/sc1032.jpg,/objects/small/sc1032_sm.jpg,/objects/thumbs/sc1032_th.jpg,
oc357,oc355,,,,,,,,,,,,,,,,Image;StillImage,image/jpg,artifact,artifact_image,,/objects/sc1032r.jpg,/objects/small/sc1032r_sm.jpg,/objects/thumbs/sc1032r_th.jpg,
oc358,,SC 1047,Felis catus ,Domestic Cat ,Mammalia,Carnivora ,Feliformia ,Felidae ,"Skull, mandible ",skull and mandilbe go together with specimen #1024 (mounted skeleton) ,,Mammal;Carnivore;Feline;Cat;Skull;Mandible,,,,,Image;StillImage,image/jpg,artifact,compound_object,,/objects/sc1047.jpg,/objects/small/sc1047_sm.jpg,/objects/thumbs/sc1047_th.jpg,
oc359,oc358,,,,,,,,,,,,,,,,Image;StillImage,image/jpg,artifact,artifact_image,,/objects/sc1047.jpg,/objects/small/sc1047_sm.jpg,/objects/thumbs/sc1047_th.jpg,
oc360,oc358,,,,,,,,,,,,,,,,Image;StillImage,image/jpg,artifact,artifact_image,,/objects/sc1047r.jpg,/objects/small/sc1047r_sm.jpg,/objects/thumbs/sc1047r_th.jpg,
oc361,,SC 1072,Felis catus ,Domestic Cat ,Mammalia,Carnivora ,Feliformia ,Felidae ,"Skull, mandible ",,,Mammal;Carnivore;Feline;Cat;Skull;Mandible,,,,,Image;StillImage,image/jpg,artifact,compound_object,,/objects/sc1072f.jpg,/objects/small/sc1072f_sm.jpg,/objects/thumbs/sc1072f_th.jpg,
oc362,oc361,,,,,,,,,,,,,,,,Image;StillImage,image/jpg,artifact,artifact_image,,/objects/sc1072f.jpg,/objects/small/sc1072f_sm.jpg,/objects/thumbs/sc1072f_th.jpg,
oc363,oc361,,,,,,,,,,,,,,,,Image;StillImage,image/jpg,artifact,artifact_image,,/objects/sc1072r.jpg,/objects/small/sc1072r_sm.jpg,/objects/thumbs/sc1072r_th.jpg,
oc364,,SC 1073,Felis catus ,Domestic Cat ,Mammalia,Carnivora ,Feliformia ,Felidae ,Skull ,Skull sawed in half ,,Mammal;Carnivore;Feline;Cat;Skull,,,,,Image;StillImage,image/jpg,artifact,compound_object,,/objects/sc1073f.jpg,/objects/small/sc1073f_sm.jpg,/objects/thumbs/sc1073f_th.jpg,
oc365,oc364,,,,,,,,,,,,,,,,Image;StillImage,image/jpg,artifact,artifact_image,,/objects/sc1073f.jpg,/objects/small/sc1073f_sm.jpg,/objects/thumbs/sc1073f_th.jpg,
oc366,oc364,,,,,,,,,,,,,,,,Image;StillImage,image/jpg,artifact,artifact_image,,/objects/sc1073r.jpg,/objects/small/sc1073r_sm.jpg,/objects/thumbs/sc1073r_th.jpg,
oc367,,SC 1074,Felis catus ,Domestic Cat ,Mammalia,Carnivora ,Feliformia ,Felidae ,Skull ,Skull sawed in half ,,Mammal;Carnivore;Feline;Cat;Skull,,,,,Image;StillImage,image/jpg,artifact,compound_object,,/objects/sc1074f.jpg,/objects/small/sc1074f_sm.jpg,/objects/thumbs/sc1074f_th.jpg,
oc368,oc367,,,,,,,,,,,,,,,,Image;StillImage,image/jpg,artifact,artifact_image,,/objects/sc1074f.jpg,/objects/small/sc1074f_sm.jpg,/objects/thumbs/sc1074f_th.jpg,
oc369,oc367,,,,,,,,,,,,,,,,Image;StillImage,image/jpg,artifact,artifact_image,,/objects/sc1074r.jpg,/objects/small/sc1074r_sm.jpg,/objects/thumbs/sc1074r_th.jpg,
oc370,,SC 1374,Felis catus ,Domestic Cat ,Mammalia,Carnivora ,Feliformia ,Felidae ,Full Skeleton ,Skeleton disarticulated,,Mammal;Carnivore;Feline;Cat;Mounted;Skeleton,,,,,Image;StillImage,image/jpg,artifact,artifact_image,,,,,
oc371,oc370,,,,,,,,,,,,,,,,,,,,,,,,
oc372,,SC 1377,Felis catus ,Domestic Cat ,Mammalia,Carnivora ,Feliformia ,Felidae ,Skull ,Skull sawed in half ,,Mammal;Carnivore;Feline;Cat;Skull,,,,,Image;StillImage,image/jpg,artifact,compound_object,,/objects/sc1377f.jpg,/objects/small/sc1377f_sm.jpg,/objects/thumbs/sc1377f_th.jpg,
oc373,oc372,,,,,,,,,,,,,,,,Image;StillImage,image/jpg,artifact,artifact_image,,/objects/sc1377f.jpg,/objects/small/sc1377f_sm.jpg,/objects/thumbs/sc1377f_th.jpg,
oc374,oc372,,,,,,,,,,,,,,,,Image;StillImage,image/jpg,artifact,artifact_image,,/objects/sc1377r.jpg,/objects/small/sc1377r_sm.jpg,/objects/thumbs/sc1377r_th.jpg,
oc375,,SC 1378,Felis catus ,Domestic Cat ,Mammalia,Carnivora ,Feliformia ,Felidae ,Skull Bones ,Specimen includes rostrum ,,Mammal;Carnivore;Feline;Cat;Skull;Fractured,,,,,Image;StillImage,image/jpg,artifact,compound_object,,/objects/sc1378.jpg,/objects/small/sc1378_sm.jpg,/objects/thumbs/sc1378_th.jpg,
oc376,oc375,,,,,,,,,,,,,,,,Image;StillImage,image/jpg,artifact,artifact_image,,/objects/sc1378.jpg,/objects/small/sc1378_sm.jpg,/objects/thumbs/sc1378_th.jpg,
oc377,oc375,,,,,,,,,,,,,,,,Image;StillImage,image/jpg,artifact,artifact_image,,/objects/sc1378r.jpg,/objects/small/sc1378r_sm.jpg,/objects/thumbs/sc1378r_th.jpg,
oc378,,SC 1379,Felis catus ,Domestic Cat ,Mammalia,Carnivora ,Feliformia ,Felidae ,Skull Bones ,"Specimen includes half of skull, posterior skull bones ",,Mammal;Carnivore;Feline;Cat;Skull;Fractured,,,,,Image;StillImage,image/jpg,artifact,compound_object,,/objects/sc1379f.jpg,/objects/small/sc1379f_sm.jpg,/objects/thumbs/sc1379f_th.jpg,
oc379,oc378,,,,,,,,,,,,,,,,Image;StillImage,image/jpg,artifact,artifact_image,,/objects/sc1379f.jpg,/objects/small/sc1379f_sm.jpg,/objects/thumbs/sc1379f_th.jpg,
oc380,oc378,,,,,,,,,,,,,,,,Image;StillImage,image/jpg,artifact,artifact_image,,/objects/sc1379r.jpg,/objects/small/sc1379r_sm.jpg,/objects/thumbs/sc1379r_th.jpg,
oc381,,SC 1380,Felis catus ,Domestic Cat ,Mammalia,Carnivora ,Feliformia ,Felidae ,Skull Bones ,Specimen includes posterior skull bones ,,Mammal;Carnivore;Feline;Cat;Skull;Fractured,,,,,Image;StillImage,image/jpg,artifact,compound_object,,/objects/sc1380.jpg,/objects/small/sc1380_sm.jpg,/objects/thumbs/sc1380_th.jpg,
oc382,oc381,,,,,,,,,,,,,,,,Image;StillImage,image/jpg,artifact,artifact_image,,/objects/sc1380.jpg,/objects/small/sc1380_sm.jpg,/objects/thumbs/sc1380_th.jpg,
oc383,oc381,,,,,,,,,,,,,,,,Image;StillImage,image/jpg,artifact,artifact_image,,/objects/sc1380r.jpg,/objects/small/sc1380r_sm.jpg,/objects/thumbs/sc1380r_th.jpg,
oc384,,SC 1381,Felis catus ,Domestic Cat ,Mammalia,Carnivora ,Feliformia ,Felidae ,Mandible ,Specimen broke in two ,,Mammal;Carnivore;Feline;Cat;Mandible,,,,,Image;StillImage,image/jpg,artifact,compound_object,,/objects/sc1381.jpg,/objects/small/sc1381_sm.jpg,/objects/thumbs/sc1381_th.jpg,
oc385,oc384,,,,,,,,,,,,,,,,Image;StillImage,image/jpg,artifact,artifact_image,,/objects/sc1381.jpg,/objects/small/sc1381_sm.jpg,/objects/thumbs/sc1381_th.jpg,
oc386,oc384,,,,,,,,,,,,,,,,Image;StillImage,image/jpg,artifact,artifact_image,,/objects/sc1381r.jpg,/objects/small/sc1381r_sm.jpg,/objects/thumbs/sc1381r_th.jpg,
oc387,,SC 1082,Mephitis mephitis,Striped Skunk ,Mammalia,Carnivora ,Caniformia,Mephitadae ,"Skull, mandible ",,,Mammal;Carnivore;Skunk;Skull;Mandible,,,,,Image;StillImage,image/jpg,artifact,compound_object,,/objects/sc1082.jpg,/objects/small/sc1082_sm.jpg,/objects/thumbs/sc1082_th.jpg,
oc388,oc387,,,,,,,,,,,,,,,,Image;StillImage,image/jpg,artifact,artifact_image,,/objects/sc1082.jpg,/objects/small/sc1082_sm.jpg,/objects/thumbs/sc1082_th.jpg,
oc389,oc387,,,,,,,,,,,,,,,,Image;StillImage,image/jpg,artifact,artifact_image,,/objects/sc1082r.jpg,/objects/small/sc1082r_sm.jpg,/objects/thumbs/sc1082r_th.jpg,
oc390,,SC 1081,Martes americana,American Marten,Mammalia,Carnivora ,Caniformia,Mustelidae ,"Skull, mandible ",,,Mammal;Carnivore;Marten;Skull;Mandible,,,,,Image;StillImage,image/jpg,artifact,compound_object,,/objects/sc1081.jpg,/objects/small/sc1081_sm.jpg,/objects/thumbs/sc1081_th.jpg,
oc391,,,,,,,,,,,,,,,,,Image;StillImage,image/jpg,artifact,artifact_image,,/objects/sc1081.jpg,/objects/small/sc1081_sm.jpg,/objects/thumbs/sc1081_th.jpg,
oc392,oc390,,,,,,,,,,,,,,,,Image;StillImage,image/jpg,artifact,artifact_image,,/objects/sc1081r.jpg,/objects/small/sc1081r_sm.jpg,/objects/thumbs/sc1081r_th.jpg,
oc393,,SC 1031,Enhydra lutris ,Sea Otter,Mammalia,Carnivora ,Caniformia ,Mustelidae ,"Skull, mandible ",,,Mammal;Carnivore;Otter;Skull;Mandible,,,,,Image;StillImage,image/jpg,artifact,compound_object,,/objects/sc1031.jpg,/objects/small/sc1031_sm.jpg,/objects/thumbs/sc1031_th.jpg,
oc394,oc393,,,,,,,,,,,,,,,,Image;StillImage,image/jpg,artifact,artifact_image,,/objects/sc1031.jpg,/objects/small/sc1031_sm.jpg,/objects/thumbs/sc1031_th.jpg,
oc395,oc393,,,,,,,,,,,,,,,,Image;StillImage,image/jpg,artifact,artifact_image,,/objects/sc1031b.jpg,/objects/small/sc1031b_sm.jpg,/objects/thumbs/sc1031b_th.jpg,
oc396,oc393,,,,,,,,,,,,,,,,Image;StillImage,image/jpg,artifact,artifact_image,,/objects/sc1031r.jpg,/objects/small/sc1031r_sm.jpg,/objects/thumbs/sc1031r_th.jpg,
oc397,,SC 1063,Lutra canadensis,River Otter,Mammalia,Carnivora ,Caniformia,Mustelidae ,Skull ,,,Mammal;Carnivore;Otter;Skull,,,,,Image;StillImage,image/jpg,artifact,compound_object,,/objects/sc1063.jpg,/objects/small/sc1063_sm.jpg,/objects/thumbs/sc1063_th.jpg,
oc398,oc397,,,,,,,,,,,,,,,,Image;StillImage,image/jpg,artifact,artifact_image,,/objects/sc1063.jpg,/objects/small/sc1063_sm.jpg,/objects/thumbs/sc1063_th.jpg,
oc399,oc397,,,,,,,,,,,,,,,,Image;StillImage,image/jpg,artifact,artifact_image,,/objects/sc1063r.jpg,/objects/small/sc1063r_sm.jpg,/objects/thumbs/sc1063r_th.jpg,
oc400,,SC 1026,Neogale vison ,American Mink ,Mammalia,Carnivora ,Caniformia ,Mustelidae ,"Full skeleton, mounted",In glass case,,Mammal;Carnivore;Mink:Mounted:Skeleton,,,,,Image;StillImage,image/jpg,artifact,compound_object,,/objects/sc1026.jpg,/objects/small/sc1026_sm.jpg,/objects/thumbs/sc1026_th.jpg,
oc401,oc400,,,,,,,,,,,,,,,,Image;StillImage,image/jpg,artifact,artifact_image,,/objects/sc1026.jpg,/objects/small/sc1026_sm.jpg,/objects/thumbs/sc1026_th.jpg,
oc402,oc400,,,,,,,,,,,,,,,,Image;StillImage,image/jpg,artifact,artifact_image,,/objects/sc1026r.jpg,/objects/small/sc1026r_sm.jpg,/objects/thumbs/sc1026r_th.jpg,
oc403,,SC 1027,Neogale vison ,American Mink ,Mammalia,Carnivora ,Caniformia ,Mustelidae ,"Full skeleton, mounted",In glass case,,Mammal;Carnivore;Mink:Mounted:Skeleton,,,,,Image;StillImage,image/jpg,artifact,compound_object,,/objects/sc1027.jpg,/objects/small/sc1027_sm.jpg,/objects/thumbs/sc1027_th.jpg, 
oc404,oc403,,,,,,,,,,,,,,,,Image;StillImage,image/jpg,artifact,artifact_image,,/objects/sc1027.jpg,/objects/small/sc1027_sm.jpg,/objects/thumbs/sc1027_th.jpg,
oc405,oc403,,,,,,,,,,,,,,,,Image;StillImage,image/jpg,artifact,artifact_image,,/objects/sc1027r.jpg,/objects/small/sc1027r_sm.jpg,/objects/thumbs/sc1027r_th.jpg,
oc406,,SC 1050,Neogale vison ,American Mink ,Mammalia,Carnivora ,Caniformia ,Mustelidae ,"Skull, mandible ",,,Mammal;Carnivore;Mink;Skull;Mandible,,,,,Image;StillImage,image/jpg,artifact,compound_object,,/objects/sc1050.jpg,/objects/small/sc1050_sm.jpg,/objects/thumbs/sc1050_th.jpg,
oc407,oc406,,,,,,,,,,,,,,,,Image;StillImage,image/jpg,artifact,artifact_image,,/objects/sc1050.jpg,/objects/small/sc1050_sm.jpg,/objects/thumbs/sc1050_th.jpg,
oc408,oc406,,,,,,,,,,,,,,,,Image;StillImage,image/jpg,artifact,artifact_image,,/objects/sc1050f.jpg,/objects/small/sc1050f_sm.jpg,/objects/thumbs/sc1050f_th.jpg,
oc409,oc406,,,,,,,,,,,,,,,,Image;StillImage,image/jpg,artifact,artifact_image,,/objects/sc1050r.jpg,/objects/small/sc1050r_sm.jpg,/objects/thumbs/sc1050r_th.jpg,
oc410,,SC 1110,Neogale vison ,American Mink ,Mammalia,Carnivora ,Caniformia ,Mustelidae ,"Skull, mandible ",,,Mammal;Carnivore;Mink;Skull;Mandible,,,,,Image;StillImage,image/jpg,artifact,compound_object,,/objects/sc1110.jpg,/objects/small/sc1110_sm.jpg,/objects/thumbs/sc1110_th.jpg,
oc411,oc410,,,,,,,,,,,,,,,,Image;StillImage,image/jpg,artifact,artifact_image,,/objects/sc1110.jpg,/objects/small/sc1110_sm.jpg,/objects/thumbs/sc1110_th.jpg,
oc412,oc410,,,,,,,,,,,,,,,,Image;StillImage,image/jpg,artifact,artifact_image,,/objects/sc1110f.jpg,/objects/small/sc1110f_sm.jpg,/objects/thumbs/sc1110f_th.jpg,
oc413,oc410,,,,,,,,,,,,,,,,Image;StillImage,image/jpg,artifact,artifact_image,,/objects/sc1110r.jpg,/objects/small/sc1110r_sm.jpg,/objects/thumbs/sc1110r_th.jpg,
oc414,,SC 1111,Neogale vison ,American Mink ,Mammalia,Carnivora ,Caniformia ,Mustelidae ,"Skull, mandible ",,,Mammal;Carnivore;Mink;Skull;Mandible,,,,,Image;StillImage,image/jpg,artifact,compound_object,,/objects/sc1111.jpg,/objects/small/sc1111_sm.jpg,/objects/thumbs/sc1111_th.jpg,
oc415,oc414,,,,,,,,,,,,,,,,Image;StillImage,image/jpg,artifact,artifact_image,,/objects/sc1111.jpg,/objects/small/sc1111_sm.jpg,/objects/thumbs/sc1111_th.jpg,
oc416,oc414,,,,,,,,,,,,,,,,Image;StillImage,image/jpg,artifact,artifact_image,,/objects/sc1111r.jpg,/objects/small/sc1111r_sm.jpg,/objects/thumbs/sc1111r_th.jpg,
oc417,,SC 1112,Neogale vison ,American Mink ,Mammalia,Carnivora ,Caniformia ,Mustelidae ,"Skull, mandible ",,,Mammal;Carnivore;Mink;Skull;Mandible,,,,,Image;StillImage,image/jpg,artifact,artifact_image,,/objects/sc1112r.jpg,/objects/small/sc1112r_sm.jpg,/objects/thumbs/sc1112r_th.jpg,
oc418,oc417,,,,,,,,,,,,,,,,,,,,,,,,
oc419,,SC 1113,Neogale vison ,American Mink ,Mammalia,Carnivora ,Caniformia ,Mustelidae ,"Skull, mandible ",,,Mammal;Carnivore;Mink;Skull;Mandible,,,,,Image;StillImage,image/jpg,artifact,artifact_image,,/objects/sc1113.jpg,/objects/small/sc1113_sm.jpg,/objects/thumbs/sc1113_th.jpg,
oc420,oc419,,,,,,,,,,,,,,,,,,,,,,,,
oc421,,SC 1114,Neogale vison ,American Mink ,Mammalia,Carnivora ,Caniformia ,Mustelidae ,"Skull, mandible ",,,Mammal;Carnivore;Mink;Skull;Mandible,,,,,Image;StillImage,image/jpg,artifact,compound_object,,/objects/sc1114.jpg,/objects/small/sc1114_sm.jpg,/objects/thumbs/sc1114_th.jpg,
oc422,oc421,,,,,,,,,,,,,,,,Image;StillImage,image/jpg,artifact,artifact_image,,/objects/sc1114.jpg,/objects/small/sc1114_sm.jpg,/objects/thumbs/sc1114_th.jpg,
oc423,oc421,,,,,,,,,,,,,,,,Image;StillImage,image/jpg,artifact,artifact_image,,/objects/sc1114r.jpg,/objects/small/sc1114r_sm.jpg,/objects/thumbs/sc1114r_th.jpg,
oc424,,SC 1115,Neogale vison ,American Mink ,Mammalia,Carnivora ,Caniformia ,Mustelidae ,"Skull, mandible ",,,Mammal;Carnivore;Mink;Skull;Mandible,,,,,Image;StillImage,image/jpg,artifact,compound_object,,/objects/sc1115.jpg,/objects/small/sc1115_sm.jpg,/objects/thumbs/sc1115_th.jpg,
oc425,oc424,,,,,,,,,,,,,,,,Image;StillImage,image/jpg,artifact,artifact_image,,/objects/sc1115.jpg,/objects/small/sc1115_sm.jpg,/objects/thumbs/sc1115_th.jpg,
oc426,oc424,,,,,,,,,,,,,,,,Image;StillImage,image/jpg,artifact,artifact_image,,/objects/sc1115r.jpg,/objects/small/sc1115r_sm.jpg,/objects/thumbs/sc1115r_th.jpg,
oc427,,SC 1116,Neogale vison ,American Mink ,Mammalia,Carnivora ,Caniformia ,Mustelidae ,"Skull, mandible ",,,Mammal;Carnivore;Mink;Skull;Mandible,,,,,Image;StillImage,image/jpg,artifact,compound_object,,/objects/sc1116.jpg,/objects/small/sc1116_sm.jpg,/objects/thumbs/sc1116_th.jpg,
oc428,oc427,,,,,,,,,,,,,,,,Image;StillImage,image/jpg,artifact,artifact_image,,/objects/sc1116.jpg,/objects/small/sc1116_sm.jpg,/objects/thumbs/sc1116_th.jpg,
oc429,oc427,,,,,,,,,,,,,,,,Image;StillImage,image/jpg,artifact,artifact_image,,/objects/sc1116f.jpg,/objects/small/sc1116f_sm.jpg,/objects/thumbs/sc1116f_th.jpg,
oc430,oc427,,,,,,,,,,,,,,,,Image;StillImage,image/jpg,artifact,artifact_image,,/objects/sc1116r.jpg,/objects/small/sc1116r_sm.jpg,/objects/thumbs/sc1116r_th.jpg,
oc431,,SC 1117,Neogale vison ,American Mink ,Mammalia,Carnivora ,Caniformia ,Mustelidae ,"Skull, mandible ",,,Mammal;Carnivore;Mink;Skull;Mandible,,,,,Image;StillImage,image/jpg,artifact,compound_object,,/objects/sc1117.jpg,/objects/small/sc1117_sm.jpg,/objects/thumbs/sc1117_th.jpg,
oc432,oc431,,,,,,,,,,,,,,,,Image;StillImage,image/jpg,artifact,artifact_image,,/objects/sc1117.jpg,/objects/small/sc1117_sm.jpg,/objects/thumbs/sc1117_th.jpg,
oc433,oc431,,,,,,,,,,,,,,,,Image;StillImage,image/jpg,artifact,artifact_image,,/objects/sc1117r.jpg,/objects/small/sc1117r_sm.jpg,/objects/thumbs/sc1117r_th.jpg,
oc434,,SC 1118,Neogale vison ,American Mink ,Mammalia,Carnivora ,Caniformia ,Mustelidae ,"Skull, mandible ",,,Mammal;Carnivore;Mink;Skull;Mandible,,,,,Image;StillImage,image/jpg,artifact,artifact_image,,/objects/sc1118.jpg,/objects/small/sc1118_sm.jpg,/objects/thumbs/sc1118_th.jpg,
oc435,oc434,,,,,,,,,,,,,,,,,,,,,,,,
oc436,,SC 1119,Neogale vison ,American Mink ,Mammalia,Carnivora ,Caniformia ,Mustelidae ,"Skull, mandible ",,,Mammal;Carnivore;Mink;Skull;Mandible,,,,,Image;StillImage,image/jpg,artifact,artifact_image,,/objects/sc1119r.jpg,/objects/small/sc1119r_sm.jpg,/objects/thumbs/sc1119r_th.jpg,
oc437,oc436,,,,,,,,,,,,,,,,,,,,,,,,
oc438,,SC 1120,Neogale vison ,American Mink ,Mammalia,Carnivora ,Caniformia ,Mustelidae ,"Skull, mandible ",,,Mammal;Carnivore;Mink;Skull;Mandible,,,,,Image;StillImage,image/jpg,artifact,compound_object,,/objects/sc1120.jpg,/objects/small/sc1120_sm.jpg,/objects/thumbs/sc1120_th.jpg,
oc439,oc438,,,,,,,,,,,,,,,,Image;StillImage,image/jpg,artifact,artifact_image,,/objects/sc1120.jpg,/objects/small/sc1120_sm.jpg,/objects/thumbs/sc1120_th.jpg,
oc440,oc438,,,,,,,,,,,,,,,,Image;StillImage,image/jpg,artifact,artifact_image,,/objects/sc1120f.jpg,/objects/small/sc1120f_sm.jpg,/objects/thumbs/sc1120f_th.jpg,
oc441,oc438,,,,,,,,,,,,,,,,Image;StillImage,image/jpg,artifact,artifact_image,,/objects/sc1120r.jpg,/objects/small/sc1120r_sm.jpg,/objects/thumbs/sc1120r_th.jpg,
oc442,,SC 1121,Neogale vison ,American Mink ,Mammalia,Carnivora ,Caniformia ,Mustelidae ,"Skull, mandible ",,,Mammal;Carnivore;Mink;Skull;Mandible,,,,,Image;StillImage,image/jpg,artifact,artifact_image,,/objects/sc1121.jpg,/objects/small/sc1121_sm.jpg,/objects/thumbs/sc1121_th.jpg,
oc443,,SC 1122,Neogale vison ,American Mink ,Mammalia,Carnivora ,Caniformia ,Mustelidae ,Skull,,,Mammal;Carnivore;Mink;Skull,,,,,Image;StillImage,image/jpg,artifact,compound_object,,/objects/sc1122.jpg,/objects/small/sc1122_sm.jpg,/objects/thumbs/sc1122_th.jpg,
oc444,oc443,,,,,,,,,,,,,,,,Image;StillImage,image/jpg,artifact,artifact_image,,/objects/sc1122.jpg,/objects/small/sc1122_sm.jpg,/objects/thumbs/sc1122_th.jpg,
oc445,oc443,,,,,,,,,,,,,,,,Image;StillImage,image/jpg,artifact,artifact_image,,/objects/sc1122r.jpg,/objects/small/sc1122r_sm.jpg,/objects/thumbs/sc1122r_th.jpg,
oc446,,SC 1123,Neogale vison ,American Mink ,Mammalia,Carnivora ,Caniformia ,Mustelidae ,"Skull, mandible ",,,Mammal;Carnivore;Mink;Skull;Mandible,,,,,Image;StillImage,image/jpg,artifact,compound_object,,/objects/sc1123.jpg,/objects/small/sc1123_sm.jpg,/objects/thumbs/sc1123_th.jpg,
oc447,oc446,,,,,,,,,,,,,,,,Image;StillImage,image/jpg,artifact,artifact_image,,/objects/sc1123.jpg,/objects/small/sc1123_sm.jpg,/objects/thumbs/sc1123_th.jpg,
oc448,oc446,,,,,,,,,,,,,,,,Image;StillImage,image/jpg,artifact,artifact_image,,/objects/sc1123f.jpg,/objects/small/sc1123f_sm.jpg,/objects/thumbs/sc1123f_th.jpg,
oc449,oc446,,,,,,,,,,,,,,,,Image;StillImage,image/jpg,artifact,artifact_image,,/objects/sc1123r.jpg,/objects/small/sc1123r_sm.jpg,/objects/thumbs/sc1123r_th.jpg,
oc450,,SC 1124,Neogale vison ,American Mink ,Mammalia,Carnivora ,Caniformia ,Mustelidae ,"Skull, mandible ",,,Mammal;Carnivore;Mink;Skull;Mandible,,,,,Image;StillImage,image/jpg,artifact,artifact_image,,/objects/sc1124.jpg,/objects/small/sc1124_sm.jpg,/objects/thumbs/sc1124_th.jpg,
oc451,,SC 1125,Neogale vison ,American Mink ,Mammalia,Carnivora ,Caniformia ,Mustelidae ,"Skull, mandible ",,,Mammal;Carnivore;Mink;Skull;Mandible,,,,,Image;StillImage,image/jpg,artifact,compound_object,,/objects/sc1125.jpg,/objects/small/sc1125_sm.jpg,/objects/thumbs/sc1125_th.jpg,
oc452,oc451,,,,,,,,,,,,,,,,Image;StillImage,image/jpg,artifact,artifact_image,,/objects/sc1125.jpg,/objects/small/sc1125_sm.jpg,/objects/thumbs/sc1125_th.jpg,
oc453,oc451,,,,,,,,,,,,,,,,Image;StillImage,image/jpg,artifact,artifact_image,,/objects/sc1125r.jpg,/objects/small/sc1125r_sm.jpg,/objects/thumbs/sc1125r_th.jpg,
oc454,,SC 1126,Neogale vison ,American Mink ,Mammalia,Carnivora ,Caniformia ,Mustelidae ,"Skull, mandible ",,,Mammal;Carnivore;Mink;Skull;Mandible,,,,,Image;StillImage,image/jpg,artifact,artifact_image,,/objects/sc1126.jpg,/objects/small/sc1126_sm.jpg,/objects/thumbs/sc1126_th.jpg,
oc455,,SC 1127,Neogale vison ,American Mink ,Mammalia,Carnivora ,Caniformia ,Mustelidae ,"Skull, mandible ",,,Mammal;Carnivore;Mink;Skull;Mandible,,,,,Image;StillImage,image/jpg,artifact,compound_object,,/objects/sc1127.jpg,/objects/small/sc1127_sm.jpg,/objects/thumbs/sc1127_th.jpg,
oc456,oc455,,,,,,,,,,,,,,,,Image;StillImage,image/jpg,artifact,artifact_image,,/objects/sc1127.jpg,/objects/small/sc1127_sm.jpg,/objects/thumbs/sc1127_th.jpg,
oc457,oc455,,,,,,,,,,,,,,,,Image;StillImage,image/jpg,artifact,artifact_image,,/objects/sc1127r.jpg,/objects/small/sc1127r_sm.jpg,/objects/thumbs/sc1127r_th.jpg,
oc458,,SC 1128,Neogale vison ,American Mink ,Mammalia,Carnivora ,Caniformia ,Mustelidae ,"Skull, mandible ",,,Mammal;Carnivore;Mink;Skull;Mandible,,,,,Image;StillImage,image/jpg,artifact,compound_object,,/objects/sc1128.jpg,/objects/small/sc1128_sm.jpg,/objects/thumbs/sc1128_th.jpg,
oc459,oc458,,,,,,,,,,,,,,,,Image;StillImage,image/jpg,artifact,artifact_image,,/objects/sc1128.jpg,/objects/small/sc1128_sm.jpg,/objects/thumbs/sc1128_th.jpg,
oc460,oc458,,,,,,,,,,,,,,,,Image;StillImage,image/jpg,artifact,artifact_image,,/objects/sc1128r.jpg,/objects/small/sc1128r_sm.jpg,/objects/thumbs/sc1128r_th.jpg,
oc461,,SC 1129,Neogale vison ,American Mink ,Mammalia,Carnivora ,Caniformia ,Mustelidae ,Skull,,,Mammal;Carnivore;Mink;Skull,,,,,Image;StillImage,image/jpg,artifact,compound_object,,/objects/sc1129.jpg,/objects/small/sc1129_sm.jpg,/objects/thumbs/sc1129_th.jpg,
oc462,oc461,,,,,,,,,,,,,,,,Image;StillImage,image/jpg,artifact,artifact_image,,/objects/sc1129.jpg,/objects/small/sc1129_sm.jpg,/objects/thumbs/sc1129_th.jpg,
oc463,oc461,,,,,,,,,,,,,,,,Image;StillImage,image/jpg,artifact,artifact_image,,/objects/sc1129r.jpg,/objects/small/sc1129r_sm.jpg,/objects/thumbs/sc1129r_th.jpg,
oc464,,SC 1130,Neogale vison ,American Mink ,Mammalia,Carnivora ,Caniformia ,Mustelidae ,Skull,,,Mammal;Carnivore;Mink;Skull,,,,,Image;StillImage,image/jpg,artifact,compound_object,,/objects/sc1130.jpg,/objects/small/sc1130_sm.jpg,/objects/thumbs/sc1130_th.jpg,
oc465,oc464,,,,,,,,,,,,,,,,Image;StillImage,image/jpg,artifact,artifact_image,,/objects/sc1130.jpg,/objects/small/sc1130_sm.jpg,/objects/thumbs/sc1130_th.jpg,
oc466,oc464,,,,,,,,,,,,,,,,Image;StillImage,image/jpg,artifact,artifact_image,,/objects/sc1130f.jpg,/objects/small/sc1130f_sm.jpg,/objects/thumbs/sc1130f_th.jpg,
oc467,oc464,,,,,,,,,,,,,,,,Image;StillImage,image/jpg,artifact,artifact_image,,/objects/sc1130r.jpg,/objects/small/sc1130r_sm.jpg,/objects/thumbs/sc1130r_th.jpg,
oc468,,SC 1131,Neogale vison ,American Mink ,Mammalia,Carnivora ,Caniformia ,Mustelidae ,"Skull, mandible ",,,Mammal;Carnivore;Mink;Skull;Mandible,,,,,Image;StillImage,image/jpg,artifact,compound_object,,/objects/sc1131.jpg,/objects/small/sc1131_sm.jpg,/objects/thumbs/sc1131_th.jpg,
oc469,oc468,,,,,,,,,,,,,,,,Image;StillImage,image/jpg,artifact,artifact_image,,/objects/sc1131.jpg,/objects/small/sc1131_sm.jpg,/objects/thumbs/sc1131_th.jpg,
oc470,oc468,,,,,,,,,,,,,,,,Image;StillImage,image/jpg,artifact,artifact_image,,/objects/sc1131r.jpg,/objects/small/sc1131r_sm.jpg,/objects/thumbs/sc1131r_th.jpg,
oc471,,SC 1132,Neogale vison ,American Mink ,Mammalia,Carnivora ,Caniformia ,Mustelidae ,Skull ,,,Mammal;Carnivore;Mink;Skull,,,,,Image;StillImage,image/jpg,artifact,compound_object,,/objects/sc1132.jpg,/objects/small/sc1132_sm.jpg,/objects/thumbs/sc1132_th.jpg,
oc472,oc471,,,,,,,,,,,,,,,,Image;StillImage,image/jpg,artifact,artifact_image,,/objects/sc1132.jpg,/objects/small/sc1132_sm.jpg,/objects/thumbs/sc1132_th.jpg,
oc473,oc471,,,,,,,,,,,,,,,,Image;StillImage,image/jpg,artifact,artifact_image,,/objects/sc1132r.jpg,/objects/small/sc1132r_sm.jpg,/objects/thumbs/sc1132r_th.jpg,
oc474,,SC 1133,Neogale vison ,American Mink ,Mammalia,Carnivora ,Caniformia ,Mustelidae ,"Skull, mandible ",,,Mammal;Carnivore;Mink;Skull;Mandible,,,,,Image;StillImage,image/jpg,artifact,compound_object,,/objects/sc1133.jpg,/objects/small/sc1133_sm.jpg,/objects/thumbs/sc1133_th.jpg,
oc475,oc474,,,,,,,,,,,,,,,,Image;StillImage,image/jpg,artifact,artifact_image,,/objects/sc1133.jpg,/objects/small/sc1133_sm.jpg,/objects/thumbs/sc1133_th.jpg,
oc476,oc474,,,,,,,,,,,,,,,,Image;StillImage,image/jpg,artifact,artifact_image,,/objects/sc1133r.jpg,/objects/small/sc1133r_sm.jpg,/objects/thumbs/sc1133r_th.jpg,
oc477,,SC 1013,Odobenus rosmarus ,Walrus ,Mammalia,Carnivora ,Caniformia ,Odobenidae,"Skull, mandible ",,,Mammal;Carnivore;Mink;Skull;Mandible,,,,,Image;StillImage,image/jpg,artifact,compound_object,,/objects/sc1013.jpg,/objects/small/sc1013_sm.jpg,/objects/thumbs/sc1013_th.jpg,
oc478,oc477,,,,,,,,,,,,,,,,Image;StillImage,image/jpg,artifact,artifact_image,,/objects/sc1013.jpg,/objects/small/sc1013_sm.jpg,/objects/thumbs/sc1013_th.jpg,
oc479,oc477,,,,,,,,,,,,,,,,Image;StillImage,image/jpg,artifact,artifact_image,,/objects/sc1013r.jpg,/objects/small/sc1013r_sm.jpg,/objects/thumbs/sc1013r_th.jpg,
oc480,,SC 1357,Eumetopias jubatus ,Steller Sea Lion,Mammalia,Carnivora ,Caniformia ,Otariidae,Humerus ,Left forelimb,,Mammal;Marine;Carnivore;Humerus,,,,,Image;StillImage,image/jpg,artifact,compound_object,,/objects/sc1357.jpg,/objects/small/sc1357_sm.jpg,/objects/thumbs/sc1357_th.jpg,
oc481,oc480,,,,,,,,,,,,,,,,Image;StillImage,image/jpg,artifact,artifact_image,,/objects/sc1357.jpg,/objects/small/sc1357_sm.jpg,/objects/thumbs/sc1357_th.jpg,
oc482,oc480,,,,,,,,,,,,,,,,Image;StillImage,image/jpg,artifact,artifact_image,,/objects/sc1357r.jpg,/objects/small/sc1357r_sm.jpg,/objects/thumbs/sc1357r_th.jpg,
oc483,,SC 1008,Phoca vitulina ,Harbor Seal ,Mammalia,Carnivora ,Caniformia ,Phocidae,Mounted Skeleton,,,Mammal;Marine;Carnivore;Seal;Mounted;Skeleton,,,,,,,,,,,,,
oc484,,SC 1044,Procyon lotor ,Raccoon ,Mammalia,Carnivora ,Caniformia ,Procyonidae ,"Skull, mandible ",,,Mammal;Carnivore;Skull;Mandible,,,,,Image;StillImage,image/jpg,artifact,compound_object,,/objects/sc1044.jpg,/objects/small/sc1044_sm.jpg,/objects/thumbs/sc1044_th.jpg,
oc485,oc484,,,,,,,,,,,,,,,,Image;StillImage,image/jpg,artifact,artifact_image,,/objects/sc1044.jpg,/objects/small/sc1044_sm.jpg,/objects/thumbs/sc1044_th.jpg,
oc486,oc484,,,,,,,,,,,,,,,,Image;StillImage,image/jpg,artifact,artifact_image,,/objects/sc1044r.jpg,/objects/small/sc1044r_sm.jpg,/objects/thumbs/sc1044r_th.jpg,
oc487,,SC 1053,Nasua narica ,White-nosed Coati ,Mammalia,Carnivora ,Caniformia,Procyonidae ,Skull ,,,Mammal;Carnivore;Skull,,,,,Image;StillImage,image/jpg,artifact,compound_object,,/objects/sc1053.jpg,/objects/small/sc1053_sm.jpg,/objects/thumbs/sc1053_th.jpg,
oc488,oc487,,,,,,,,,,,,,,,,Image;StillImage,image/jpg,artifact,artifact_image,,/objects/sc1053.jpg,/objects/small/sc1053_sm.jpg,/objects/thumbs/sc1053_th.jpg,
oc489,oc487,,,,,,,,,,,,,,,,Image;StillImage,image/jpg,artifact,artifact_image,,/objects/sc1053f.jpg,/objects/small/sc1053f_sm.jpg,/objects/thumbs/sc1053f_th.jpg,
oc490,oc487,,,,,,,,,,,,,,,,Image;StillImage,image/jpg,artifact,artifact_image,,/objects/sc1053r.jpg,/objects/small/sc1053r_sm.jpg,/objects/thumbs/sc1053r_th.jpg,
oc491,,SC 1020,Ursus Americanus ,American Black Bear ,Mammalia,Carnivora ,Caniformia ,Ursidae ,"Skull, mandible ",,,Mammal;Carnivore;Bear;Skull;Mandible,,,,,Image;StillImage,image/jpg,artifact,compound_object,,/objects/sc1020.jpg,/objects/small/sc1020_sm.jpg,/objects/thumbs/sc1020_th.jpg,
oc492,oc491,,,,,,,,,,,,,,,,Image;StillImage,image/jpg,artifact,artifact_image,,/objects/sc1020.jpg,/objects/small/sc1020_sm.jpg,/objects/thumbs/sc1020_th.jpg,
oc493,oc491,,,,,,,,,,,,,,,,Image;StillImage,image/jpg,artifact,artifact_image,,/objects/sc1020r.jpg,/objects/small/sc1020r_sm.jpg,/objects/thumbs/sc1020r_th.jpg,
oc494,,SC 1028,Ursus Americanus ,American Black Bear ,Mammalia,Carnivora ,Caniformia ,Ursidae ,"Skull, mandible ",,,Mammal;Carnivore;Bear;Skull;Mandible,,,,,Image;StillImage,image/jpg,artifact,compound_object,,/objects/sc1028.jpg,/objects/small/sc1028_sm.jpg,/objects/thumbs/sc1028_th.jpg,
oc495,oc494,,,,,,,,,,,,,,,,Image;StillImage,image/jpg,artifact,artifact_image,,/objects/sc1028.jpg,/objects/small/sc1028_sm.jpg,/objects/thumbs/sc1028_th.jpg,
oc496,oc494,,,,,,,,,,,,,,,,Image;StillImage,image/jpg,artifact,artifact_image,,/objects/sc1028f.jpg,/objects/small/sc1028f_sm.jpg,/objects/thumbs/sc1028f_th.jpg,
oc497,oc494,,,,,,,,,,,,,,,,Image;StillImage,image/jpg,artifact,artifact_image,,/objects/sc1028r.jpg,/objects/small/sc1028r_sm.jpg,/objects/thumbs/sc1028r_th.jpg,
oc498,,SC 1029,Ursus Americanus ,American Black Bear ,Mammalia,Carnivora ,Caniformia ,Ursidae ,"Skull, mandible ",,,Mammal;Carnivore;Bear;Skull;Mandible,,,,,Image;StillImage,image/jpg,artifact,compound_object,,/objects/sc1029.jpg,/objects/small/sc1029_sm.jpg,/objects/thumbs/sc1029_th.jpg,
oc499,oc498,,,,,,,,,,,,,,,,Image;StillImage,image/jpg,artifact,artifact_image,,/objects/sc1029.jpg,/objects/small/sc1029_sm.jpg,/objects/thumbs/sc1029_th.jpg,
oc500,oc498,,,,,,,,,,,,,,,,Image;StillImage,image/jpg,artifact,artifact_image,,/objects/sc1029r.jpg,/objects/small/sc1029r_sm.jpg,/objects/thumbs/sc1029r_th.jpg,
oc501,,SC 1346,Ursus maritimus ,Polar Bear ,Mammalia,Carnivora ,Caniformia ,Ursidae ,Mounted Forelimb Paw,Specimen is of forelimb paw,,Mammal;Carnivore;Bear;Mounted;Foot,,,,,Image;StillImage,image/jpg,artifact,compound_object,,/objects/sc1346.jpg,/objects/small/sc1346_sm.jpg,/objects/thumbs/sc1346_th.jpg,
oc502,oc501,,,,,,,,,,,,,,,,Image;StillImage,image/jpg,artifact,artifact_image,,/objects/sc1346.jpg,/objects/small/sc1346_sm.jpg,/objects/thumbs/sc1346_th.jpg,
oc503,oc501,,,,,,,,,,,,,,,,Image;StillImage,image/jpg,artifact,artifact_image,,/objects/sc1346r.jpg,/objects/small/sc1346r_sm.jpg,/objects/thumbs/sc1346r_th.jpg,
oc504,,SC 1347,Ursus maritimus ,Polar Bear ,Mammalia,Carnivora ,Caniformia ,Ursidae ,Mounted Hindlimb Paw,Specimen is of hindlimb paw,,Mammal;Carnivore;Bear;Mounted;Foot,,,,,Image;StillImage,image/jpg,artifact,compound_object,,/objects/sc1347.jpg,/objects/small/sc1347_sm.jpg,/objects/thumbs/sc1347_th.jpg,
oc505,oc504,,,,,,,,,,,,,,,,Image;StillImage,image/jpg,artifact,artifact_image,,/objects/sc1347.jpg,/objects/small/sc1347_sm.jpg,/objects/thumbs/sc1347_th.jpg,
oc506,oc504,,,,,,,,,,,,,,,,Image;StillImage,image/jpg,artifact,artifact_image,,/objects/sc1347r.jpg,/objects/small/sc1347r_sm.jpg,/objects/thumbs/sc1347r_th.jpg,
oc507,,SC 1348,Ursus americanus ,American Black Bear ,Mammalia,Carnivora ,Caniformia ,Ursidae ,Scapula ,Species determination uncertain ,,Mammal;Carnivore;Bear;Scapula,,,,,Image;StillImage,image/jpg,artifact,compound_object,,/objects/sc1348.jpg,/objects/small/sc1348_sm.jpg,/objects/thumbs/sc1348_th.jpg,
oc508,oc507,,,,,,,,,,,,,,,,Image;StillImage,image/jpg,artifact,artifact_image,,/objects/sc1348.jpg,/objects/small/sc1348_sm.jpg,/objects/thumbs/sc1348_th.jpg,
oc509,oc507,,,,,,,,,,,,,,,,Image;StillImage,image/jpg,artifact,artifact_image,,/objects/sc1348r.jpg,/objects/small/sc1348r_sm.jpg,/objects/thumbs/sc1348r_th.jpg,
oc510,,SC 1392,,Unknown,Mammalia,Carnivora ,Caniformia ,,Mandible ,,,Mammal;Carnivore;Mandible,,,,,Image;StillImage,image/jpg,artifact,compound_object,,/objects/sc1392.jpg,/objects/small/sc1392_sm.jpg,/objects/thumbs/sc1392_th.jpg,
oc511,oc510,,,,,,,,,,,,,,,,Image;StillImage,image/jpg,artifact,artifact_image,,/objects/sc1392.jpg,/objects/small/sc1392_sm.jpg,/objects/thumbs/sc1392_th.jpg,
oc512,oc510,,,,,,,,,,,,,,,,Image;StillImage,image/jpg,artifact,artifact_image,,/objects/sc1392f.jpg,/objects/small/sc1392f_sm.jpg,/objects/thumbs/sc1392f_th.jpg,
oc513,oc510,,,,,,,,,,,,,,,,Image;StillImage,image/jpg,artifact,artifact_image,,/objects/sc1392r.jpg,/objects/small/sc1392r_sm.jpg,/objects/thumbs/sc1392r_th.jpg,
oc514,,SC 1163,Lasiurus borealis,Red Bat ,Mammalia,Chiroptera,Yangochiroptera,Vespertilionidae,"Skull, mandible ",,,Mammal;Bat;Skull;Mandible,,,,,,,,,,,,,
oc515,,SC 1164,Eptesicus fuscus,Big Brown Bat,Mammalia,Chiroptera,Yangochiroptera,Vespertilionidae,"Skull, mandible ",Male Specimen 12/3/1949,,Mammal;Bat;Skull;Mandible,,,,,,,,,,,,,
oc516,,SC 1165,Myotis lucifugus ,Little Brown Bat ,Mammalia,Chiroptera,Yangochiroptera,Vespertilionidae,"Skull, mandible ",,,Mammal;Bat;Skull;Mandible,,,,,,,,,,,,,
oc517,,SC 1166,Myotis lucifugus ,Little Brown Bat ,Mammalia,Chiroptera,Yangochiroptera,Vespertilionidae,"Skull, mandible ",,,Mammal;Bat;Skull;Mandible,,,,,,,,,,,,,
oc518,,SC 1167,Myotis lucifugus ,Little Brown Bat ,Mammalia,Chiroptera,Yangochiroptera,Vespertilionidae,"Skull, mandible ",,,Mammal;Bat;Skull;Mandible,,,,,,,,,,,,,
oc519,,SC 1168,Myotis lucifugus ,Little Brown Bat ,Mammalia,Chiroptera,Yangochiroptera,Vespertilionidae,"Skull, mandible ",,,Mammal;Bat;Skull;Mandible,,,,,,,,,,,,,
oc520,,SC 1169,Myotis lucifugus ,Little Brown Bat ,Mammalia,Chiroptera,Yangochiroptera,Vespertilionidae,"Skull, mandible ",Mandible broken ,,Mammal;Bat;Skull;Mandible,,,,,,,,,,,,,
oc521,,SC 1170,Myotis lucifugus ,Little Brown Bat ,Mammalia,Chiroptera,Yangochiroptera,Vespertilionidae,"Skull, mandible ",,,Mammal;Bat;Skull;Mandible,,,,,,,,,,,,,
oc522,,SC 1045,Didelphis virginiana ,North American Opossum ,Mammalia,Didelphimorphia,n/a,Didelphidae ,Skull ,,,Mammal;Marsupial;Opossum;Skull,,,,,Image;StillImage,image/jpg,artifact,compound_object,,/objects/sc1045.jpg,/objects/small/sc1045_sm.jpg,/objects/thumbs/sc1045_th.jpg,
oc523,oc522,,,,,,,,,,,,,,,,Image;StillImage,image/jpg,artifact,artifact_image,,/objects/sc1045.jpg,/objects/small/sc1045_sm.jpg,/objects/thumbs/sc1045_th.jpg,
oc524,oc522,,,,,,,,,,,,,,,,Image;StillImage,image/jpg,artifact,artifact_image,,/objects/sc1045f.jpg,/objects/small/sc1045f_sm.jpg,/objects/thumbs/sc1045f_th.jpg,
oc525,oc522,,,,,,,,,,,,,,,,Image;StillImage,image/jpg,artifact,artifact_image,,/objects/sc1045r.jpg,/objects/small/sc1045r_sm.jpg,/objects/thumbs/sc1045r_th.jpg,
oc526,,SC 1065,Didelphis virginiana ,North American Opossum ,Mammalia,Didelphimorphia,n/a,Didelphidae ,"Skull, mandible ",,,Mammal;Marsupial;Opossum;Skull;Mandible,,,,,Image;StillImage,image/jpg,artifact,artifact_image,,/objects/sc1065.jpg,/objects/small/sc1065_sm.jpg,/objects/thumbs/sc1065_th.jpg,
oc527,,SC 1066,Didelphis virginiana ,North American Opossum ,Mammalia,Didelphimorphia,n/a,Didelphidae ,Skull ,,,Mammal;Marsupial;Opossum;Skull,,,,,Image;StillImage,image/jpg,artifact,artifact_image,,/objects/sc1066.jpg,/objects/small/sc1066_sm.jpg,/objects/thumbs/sc1066_th.jpg,
oc528,,SC 1067,Didelphis virginiana ,North American Opossum ,Mammalia,Didelphimorphia,n/a,Didelphidae ,"Skull, mandible ",,,Mammal;Marsupial;Opossum;Skull;Mandible,,,,,Image;StillImage,image/jpg,artifact,compound_object,,/objects/sc1067.jpg,/objects/small/sc1067_sm.jpg,/objects/thumbs/sc1067_th.jpg,
oc529,oc528,,,,,,,,,,,,,,,,Image;StillImage,image/jpg,artifact,artifact_image,,/objects/sc1067.jpg,/objects/small/sc1067_sm.jpg,/objects/thumbs/sc1067_th.jpg,
oc530,oc528,,,,,,,,,,,,,,,,Image;StillImage,image/jpg,artifact,artifact_image,,/objects/sc1067r.jpg,/objects/small/sc1067r_sm.jpg,/objects/thumbs/sc1067r_th.jpg,
oc531,,SC 1068,Didelphis virginiana ,North American Opossum ,Mammalia,Didelphimorphia,n/a,Didelphidae ,Skull,,,Mammal;Marsupial;Opossum;Skull,,,,,Image;StillImage,image/jpg,artifact,compound_object,,/objects/sc1068.jpg,/objects/small/sc1068_sm.jpg,/objects/thumbs/sc1068_th.jpg,
oc532,oc531,,,,,,,,,,,,,,,,Image;StillImage,image/jpg,artifact,artifact_image,,/objects/sc1068.jpg,/objects/small/sc1068_sm.jpg,/objects/thumbs/sc1068_th.jpg,
oc533,oc531,,,,,,,,,,,,,,,,Image;StillImage,image/jpg,artifact,artifact_image,,/objects/sc1068r.jpg,/objects/small/sc1068r_sm.jpg,/objects/thumbs/sc1068r_th.jpg,
oc534,,SC 1069,Didelphis virginiana ,North American Opossum ,Mammalia,Didelphimorphia,n/a,Didelphidae ,"Skull, mandible ",,,Mammal;Marsupial;Opossum;Skull;Mandible,,,,,Image;StillImage,image/jpg,artifact,compound_object,,/objects/sc1069.jpg,/objects/small/sc1069_sm.jpg,/objects/thumbs/sc1069_th.jpg,
oc535,oc534,,,,,,,,,,,,,,,,Image;StillImage,image/jpg,artifact,artifact_image,,/objects/sc1069.jpg,/objects/small/sc1069_sm.jpg,/objects/thumbs/sc1069_th.jpg,
oc536,oc534,,,,,,,,,,,,,,,,Image;StillImage,image/jpg,artifact,artifact_image,,/objects/sc1069r.jpg,/objects/small/sc1069r_sm.jpg,/objects/thumbs/sc1069r_th.jpg,
oc537,,SC 1083,Didelphis virginiana ,North American Opossum ,Mammalia,Didelphimorphia,n/a,Didelphidae ,"Skull, mandible ",,,Mammal;Marsupial;Opossum;Skull;Mandible,,,,,Image;StillImage,image/jpg,artifact,compound_object,,/objects/sc1083.jpg,/objects/small/sc1083_sm.jpg,/objects/thumbs/sc1083_th.jpg,
oc538,oc537,,,,,,,,,,,,,,,,Image;StillImage,image/jpg,artifact,artifact_image,,/objects/sc1083.jpg,/objects/small/sc1083_sm.jpg,/objects/thumbs/sc1083_th.jpg,
oc539,oc537,,,,,,,,,,,,,,,,Image;StillImage,image/jpg,artifact,artifact_image,,/objects/sc1083f.jpg,/objects/small/sc1083f_sm.jpg,/objects/thumbs/sc1083f_th.jpg,
oc540,oc537,,,,,,,,,,,,,,,,Image;StillImage,image/jpg,artifact,artifact_image,,/objects/sc1083r.jpg,/objects/small/sc1083r_sm.jpg,/objects/thumbs/sc1083r_th.jpg,
oc541,,SC 1388,Didelphis virginiana ,North American Opossum ,Mammalia,Didelphimorphia,n/a,Didelphidae ,Mandible ,,,Mammal;Marsupial;Opossum;Mandible,,,,,Image;StillImage,image/jpg,artifact,compound_object,,/objects/sc1388.jpg,/objects/small/sc1388_sm.jpg,/objects/thumbs/sc1388_th.jpg,
oc542,oc541,,,,,,,,,,,,,,,,Image;StillImage,image/jpg,artifact,artifact_image,,/objects/sc1388.jpg,/objects/small/sc1388_sm.jpg,/objects/thumbs/sc1388_th.jpg,
oc543,oc541,,,,,,,,,,,,,,,,Image;StillImage,image/jpg,artifact,artifact_image,,/objects/sc1388r.jpg,/objects/small/sc1388r_sm.jpg,/objects/thumbs/sc1388r_th.jpg,
oc544,,SC 1389,Didelphis virginiana ,North American Opossum ,Mammalia,Didelphimorphia,n/a,Didelphidae ,Mandible ,Species determination uncertain ,,Mammal;Marsupial;Opossum;Mandible,,,,,Image;StillImage,image/jpg,artifact,compound_object,,/objects/sc1389.jpg,/objects/small/sc1389_sm.jpg,/objects/thumbs/sc1389_th.jpg,
oc545,oc544,,,,,,,,,,,,,,,,Image;StillImage,image/jpg,artifact,artifact_image,,/objects/sc1389.jpg,/objects/small/sc1389_sm.jpg,/objects/thumbs/sc1389_th.jpg,
oc546,oc544,,,,,,,,,,,,,,,,Image;StillImage,image/jpg,artifact,artifact_image,,/objects/sc1389r.jpg,/objects/small/sc1389r_sm.jpg,/objects/thumbs/sc1389r_th.jpg,
oc547,,SC 1075,Wallabia ,Wallaby ,Mammalia,Diprotodontia,Macropodiformes,Macropodidae,Skull ,,,Mammal;Marsupial;Skull,,,,,Image;StillImage,image/jpg,artifact,compound_object,,/objects/sc1075f.jpg,/objects/small/sc1075f_sm.jpg,/objects/thumbs/sc1075f_th.jpg,
oc548,oc547,,,,,,,,,,,,,,,,Image;StillImage,image/jpg,artifact,artifact_image,,/objects/sc1075f.jpg,/objects/small/sc1075f_sm.jpg,/objects/thumbs/sc1075f_th.jpg,
oc549,oc547,,,,,,,,,,,,,,,,Image;StillImage,image/jpg,artifact,artifact_image,,/objects/sc1075.jpg,/objects/small/sc1075_sm.jpg,/objects/thumbs/sc1075_th.jpg,
oc550,oc547,,,,,,,,,,,,,,,,Image;StillImage,image/jpg,artifact,artifact_image,,/objects/sc1075r.jpg,/objects/small/sc1075r_sm.jpg,/objects/thumbs/sc1075r_th.jpg,
oc551,,SC 1140,Blarina brevicauda,Short-tailed Shrew ,Mammalia,Eulipotyphla,Erinaceota,Sorcidae ,"Skull, mandible ",,,Mammal;Skull;Mandible,,,,,,,,,,,,,
oc552,,SC 1141,Blarina brevicauda,Short-tailed Shrew ,Mammalia,Eulipotyphla,Erinaceota,Sorcidae ,"Skull, mandible ",,,Mammal;Skull;Mandible,,,,,,,,,,,,,
oc553,,SC 1142,Blarina brevicauda,Short-tailed Shrew ,Mammalia,Eulipotyphla,Erinaceota,Sorcidae ,"Skull, mandible ",Male specimen ,,Mammal;Skull;Mandible,,,,,,,,,,,,,
oc554,,SC 1143,Blarina brevicauda,Short-tailed Shrew ,Mammalia,Eulipotyphla,Erinaceota,Sorcidae ,"Skull, mandible ",Found in Crum Meadow ,,Mammal;Skull;Mandible,,,,,,,,,,,,,
oc555,,SC 1144,Blarina brevicauda,Short-tailed Shrew ,Mammalia,Eulipotyphla,Erinaceota,Sorcidae ,"Skull, mandible ","Female specimen, 03/10/1961",,Mammal;Skull;Mandible,,,,,,,,,,,,,
oc556,,SC 1145,Blarina brevicauda,Short-tailed Shrew ,Mammalia,Eulipotyphla,Erinaceota,Sorcidae ,"Skull, mandible ",Male specimen 1961,,Mammal;Skull;Mandible,,,,,,,,,,,,,
oc557,,SC 1146,Blarina brevicauda,Short-tailed Shrew ,Mammalia,Eulipotyphla,Erinaceota,Sorcidae ,"Skull, mandible ",Male specimen found behind Martin. Dec. 7,,Mammal;Skull;Mandible,,,,,,,,,,,,,
oc558,,SC 1147,Blarina brevicauda,Short-tailed Shrew ,Mammalia,Eulipotyphla,Erinaceota,Sorcidae ,"Skull, mandible ",Male specimen ,,Mammal;Skull;Mandible,,,,,,,,,,,,,
oc559,,SC 1148,Blarina brevicauda,Short-tailed Shrew ,Mammalia,Eulipotyphla,Erinaceota,Sorcidae ,"Skull, mandible ",03/07/1961,,Mammal;Skull;Mandible,,,,,,,,,,,,,
oc560,,SC 1149,Blarina brevicauda,Short-tailed Shrew ,Mammalia,Eulipotyphla,Erinaceota,Sorcidae ,"Skull, mandible ",,,Mammal;Skull;Mandible,,,,,,,,,,,,,
oc561,,SC 1150,Blarina brevicauda,Short-tailed Shrew ,Mammalia,Eulipotyphla,Erinaceota,Sorcidae ,"Skull, mandible ",,,Mammal;Skull;Mandible,,,,,,,,,,,,,
oc562,,SC 1151,Blarina brevicauda,Short-tailed Shrew ,Mammalia,Eulipotyphla,Erinaceota,Sorcidae ,"Skull, mandible ",,,Mammal;Skull;Mandible,,,,,,,,,,,,,
oc563,,SC 1152,Blarina brevicauda,Short-tailed Shrew ,Mammalia,Eulipotyphla,Erinaceota,Sorcidae ,"Skull, mandible ",Skull broken ,,Mammal;Skull;Mandible,,,,,,,,,,,,,
oc564,,SC 1153,Blarina brevicauda,Short-tailed Shrew ,Mammalia,Eulipotyphla,Erinaceota,Sorcidae ,"Skull, mandible ",Skull broken ,,Mammal;Skull;Mandible,,,,,,,,,,,,,
oc565,,SC 1154,Blarina brevicauda,Short-tailed Shrew ,Mammalia,Eulipotyphla,Erinaceota,Sorcidae ,"Skull, mandible ","Skull, mandible broken ",,Mammal;Skull;Mandible,,,,,,,,,,,,,
oc566,,SC 1155,Blarina brevicauda,Short-tailed Shrew ,Mammalia,Eulipotyphla,Erinaceota,Sorcidae ,"Skull, mandible ",Mandible Broken,,Mammal;Skull;Mandible,,,,,,,,,,,,,
oc567,,SC 1156,Sorex nanus,Dwarf Shrew ,Mammalia,Eulipotyphla,Erinaceota,Soricidae ,"Skull, mandible ",,,Mammal;Skull;Mandible,,,,,,,,,,,,,
oc568,,SC 1157,Sorex cinerus ,Cinereus shrew,Mammalia,Eulipotyphla,Erinaceota,Soricidae ,"Skull, mandible ",,,Mammal;Skull;Mandible,,,,,,,,,,,,,
oc569,,SC 1158,Sorex cinerus ,Cinereus shrew,Mammalia,Eulipotyphla,Erinaceota,Soricidae ,"Skull, mandible ",,,Mammal;Skull;Mandible,,,,,,,,,,,,,
oc570,,SC 1159,Sorex cinerus ,Cinereus shrew,Mammalia,Eulipotyphla,Erinaceota,Soricidae ,"Skull, mandible ",,,Mammal;Skull;Mandible,,,,,,,,,,,,,
oc571,,SC 1160,Sorex cinerus ,Cinereus shrew,Mammalia,Eulipotyphla,Erinaceota,Soricidae ,"Skull, mandible ",,,Mammal;Skull;Mandible,,,,,,,,,,,,,
oc572,,SC 1161,Sorex cinerus ,Cinereus shrew,Mammalia,Eulipotyphla,Erinaceota,Soricidae ,"Skull, mandible ",Skull Broken,,Mammal;Skull;Mandible,,,,,,,,,,,,,
oc573,,SC 1162,Sorex cinerus ,Cinereus shrew,Mammalia,Eulipotyphla,Erinaceota,Soricidae ,"Skull, mandible ",,,Mammal;Skull;Mandible,,,,,,,,,,,,,
oc574,,SC 1138,Scalopus aquaticus,Eastern Mole,Mammalia,Eulipotyphla,Erinaceota,Talpidae,"Skull, mandible ",,,Mammal;Skull;Mandible,,,,,,,,,,,,,
oc575,,SC 1139,Scalopus aquaticus,Eastern Mole,Mammalia,Eulipotyphla,Erinaceota,Talpidae,Skull ,,,Mammal;Skull,,,,,,,,,,,,,
oc576,,SC 1051,Sylvilagus transitionalis ,New England Cottontail ,Mammalia,Lagomorpha,n/a,Leporidae,"Skull, mandible ",,,Mammal;Lagomorph;Rabbit;Skull;Mandible,,,,,Image;StillImage,image/jpg,artifact,compound_object,,/objects/sc1051.jpg,/objects/small/sc1051_sm.jpg,/objects/thumbs/sc1051_th.jpg,
oc577,oc576,,,,,,,,,,,,,,,,Image;StillImage,image/jpg,artifact,artifact_image,,/objects/sc1051.jpg,/objects/small/sc1051_sm.jpg,/objects/thumbs/sc1051_th.jpg,
oc578,oc576,,,,,,,,,,,,,,,,Image;StillImage,image/jpg,artifact,artifact_image,,/objects/sc1051r.jpg,/objects/small/sc1051r_sm.jpg,/objects/thumbs/sc1051_th.jpg,
oc579,,SC 1097,Sylvilagus transitionalis ,New England Cottontail ,Mammalia,Lagomorpha,n/a,Leporidae,"Skull, mandible ",,,Mammal;Lagomorph;Rabbit;Skull;Mandible,,,,,Image;StillImage,image/jpg,artifact,compound_object,,/objects/sc1097.jpg,/objects/small/sc1097_sm.jpg,/objects/thumbs/sc1097_th.jpg,
oc580,oc579,,,,,,,,,,,,,,,,Image;StillImage,image/jpg,artifact,artifact_image,,/objects/sc1097.jpg,/objects/small/sc1097_sm.jpg,/objects/thumbs/sc1097_th.jpg,
oc581,oc579,,,,,,,,,,,,,,,,Image;StillImage,image/jpg,artifact,artifact_image,,/objects/sc1097r.jpg,/objects/small/sc1097r_sm.jpg,/objects/thumbs/sc1097r_th.jpg,
oc582,,SC 1098,Sylvilagus transitionalis ,New England Cottontail ,Mammalia,Lagomorpha,n/a,Leporidae,"Skull, mandible ",,,Mammal;Lagomorph;Rabbit;Skull;Mandible,,,,,,,,,,,,,
oc583,,SC 1099,Sylvilagus transitionalis ,New England Cottontail ,Mammalia,Lagomorpha,n/a,Leporidae,"Skull, mandible ",,,Mammal;Lagomorph;Rabbit;Skull;Mandible,,,,,Image;StillImage,image/jpg,artifact,compound_object,,/objects/sc1099.jpg,/objects/small/sc1099_sm.jpg,/objects/thumbs/sc1099_th.jpg,
oc584,oc583,,,,,,,,,,,,,,,,Image;StillImage,image/jpg,artifact,artifact_image,,/objects/sc1099.jpg,/objects/small/sc1099_sm.jpg,/objects/thumbs/sc1099_th.jpg,
oc585,oc583,,,,,,,,,,,,,,,,Image;StillImage,image/jpg,artifact,artifact_image,,/objects/sc1099r.jpg,/objects/small/sc1099r_sm.jpg,/objects/thumbs/sc1099r_th.jpg,
oc586,,SC 1100,Sylvilagus transitionalis ,New England Cottontail ,Mammalia,Lagomorpha,n/a,Leporidae,"Skull, mandible ",,,Mammal;Lagomorph;Rabbit;Skull;Mandible,,,,,,,,,,,,,
oc587,,SC 1101,Sylvilagus transitionalis ,New England Cottontail ,Mammalia,Lagomorpha,n/a,Leporidae,"Skull, mandible ",Occipital region broken,,Mammal;Lagomorph;Rabbit;Skull;Mandible,,,,,,,,,,,,,
oc588,,SC 1102,Lepus townsendii,White-tailed Jack Rabbit ,Mammalia,Lagomorpha,n/a,Leporidae,Skull ,In glass casing ,,Mammal;Lagomorph;Rabbit;Skull,,,,,,,,,,,,,
oc589,,SC 1022,Tachyglossus aculeatus ,Short-Beaked Echidna ,Mammalia,Monotremata,n/a,Tachyglossidae,"Full skeleton, mounted",,,Mammal;Mounted;Skeleton,,,,,Image;StillImage,image/jpg,artifact,compound_object,,/objects/sc1022.jpg,/objects/small/sc1022_sm.jpg,/objects/thumbs/sc1022_th.jpg,
oc590,oc589,,,,,,,,,,,,,,,,Image;StillImage,image/jpg,artifact,artifact_image,,/objects/sc1022.jpg,/objects/small/sc1022_sm.jpg,/objects/thumbs/sc1022_th.jpg,
oc591,oc589,,,,,,,,,,,,,,,,Image;StillImage,image/jpg,artifact,artifact_image,,/objects/sc1022s.jpg,/objects/small/sc1022s_sm.jpg,/objects/thumbs/sc1022s_th.jpg,
oc592,oc589,,,,,,,,,,,,,,,,Image;StillImage,image/jpg,artifact,artifact_image,,/objects/sc1022r.jpg,/objects/small/sc1022r_sm.jpg,/objects/thumbs/sc1022r_th.jpg,
oc593,oc589,,,,,,,,,,,,,,,,Image;StillImage,image/jpg,artifact,artifact_image,,/objects/sc1022t.jpg,/objects/small/sc1022t_sm.jpg,/objects/thumbs/sc1022t_th.jpg,
oc594,,SC 1010,Equus caballus ,Domestic Horse ,Mammalia,Perissodactyla,n/a,Equidae ,"Skull, mandible ","Specimen includes forelimb bones, including scapula ",,Mammal;Equine;Skull;Mandible,,,,,Image;StillImage,image/jpg,artifact,compound_object,,/objects/sc1010.jpg,/objects/small/sc1010_sm.jpg,/objects/thumbs/sc1010_th.jpg,
oc595,oc594,,,,,,,,,,,,,,,,Image;StillImage,image/jpg,artifact,artifact_image,,/objects/sc1010.jpg,/objects/small/sc1010_sm.jpg,/objects/thumbs/sc1010_th.jpg,
oc596,oc594,,,,,,,,,,,,,,,,Image;StillImage,image/jpg,artifact,artifact_image,,/objects/sc1010r.jpg,/objects/small/sc1010r_sm.jpg,/objects/thumbs/sc1010r_th.jpg,
oc597,,SC 1351,Equus caballus ,Domestic Horse ,Mammalia,Perissodactyla,n/a,Equidae ,Mounted Limb Bones ,Specimen includes hindlimb bones ,,Mammal;Equine;Mounted;Limb,,,,,,,,,,,,,
oc598,,SC 1352,Equus caballus ,Domestic Horse ,Mammalia,Perissodactyla,n/a,Equidae ,Mounted Limb Bones ,,,Mammal;Equine;Mounted;Limb,,,,,,,,,,,,,
oc599,,SC 1356,Equus caballus ,Domestic Horse ,Mammalia,Perissodactyla,n/a,Equidae ,Humerus,Specimen includes ulna and radius fused together,,Mammal;Equine;Humerus,,,,,Image;StillImage,image/jpg,artifact,compound_object,,/objects/sc1356side.jpg,/objects/small/sc1356side_sm.jpg,/objects/thumbs/sc1356side_th.jpg,
oc600,oc599,,,,,,,,,,,,,,,,Image;StillImage,image/jpg,artifact,artifact_image,,/objects/sc1356side.jpg,/objects/small/sc1356side_sm.jpg,/objects/thumbs/sc1356side_th.jpg,
oc601,oc599,,,,,,,,,,,,,,,,Image;StillImage,image/jpg,artifact,artifact_image,,/objects/sc1356r.jpg,/objects/small/sc1356r_sm.jpg,/objects/thumbs/sc1356r_th.jpg,
oc602,,SC 1360,Equus caballus ,Domestic Horse ,Mammalia,Perissodactyla,n/a,Equidae ,Forelimb Bones ,,,Mammal;Equine;Forelimb,,,,,Image;StillImage,image/jpg,artifact,compound_object,,/objects/sc1360.jpg,/objects/small/sc1360_sm.jpg,/objects/thumbs/sc1360_th.jpg,
oc603,oc602,,,,,,,,,,,,,,,,Image;StillImage,image/jpg,artifact,artifact_image,,/objects/sc1360.jpg,/objects/small/sc1360_sm.jpg,/objects/thumbs/sc1360_th.jpg,
oc604,oc602,,,,,,,,,,,,,,,,Image;StillImage,image/jpg,artifact,artifact_image,,/objects/sc1360r.jpg,/objects/small/sc1360r_sm.jpg,/objects/thumbs/sc1360r_th.jpg,
oc605,,SC 1367,Equus caballus ,Domestic Horse ,Mammalia,Perissodactyla,n/a,Equidae ,Vertebrae ,,,Mammal;Equine;Vertebrae,,,,,Image;StillImage,image/jpg,artifact,compound_object,,/objects/sc1367.jpg,/objects/small/sc1367_sm.jpg,/objects/thumbs/sc1367_th.jpg,
oc606,oc605,,,,,,,,,,,,,,,,Image;StillImage,image/jpg,artifact,artifact_image,,/objects/sc1367.jpg,/objects/small/sc1367_sm.jpg,/objects/thumbs/sc1367_th.jpg,
oc607,oc605,,,,,,,,,,,,,,,,Image;StillImage,image/jpg,artifact,artifact_image,,/objects/sc1367r.jpg,/objects/small/sc1367r_sm.jpg,/objects/thumbs/sc1367r_th.jpg,
oc608,,SC 1368,Equus caballus ,Domestic Horse ,Mammalia,Perissodactyla,n/a,Equidae ,Sacrum,Species determineation uncertain. Species of animal is quite young ,,Mammal;Equine;Sacrum,,,,,Image;StillImage,image/jpg,artifact,compound_object,,/objects/sc1368.jpg,/objects/small/sc1368_sm.jpg,/objects/thumbs/sc1368_th.jpg,
oc609,oc608,,,,,,,,,,,,,,,,Image;StillImage,image/jpg,artifact,artifact_image,,/objects/sc1368.jpg,/objects/small/sc1368_sm.jpg,/objects/thumbs/sc1368_th.jpg,
oc610,oc608,,,,,,,,,,,,,,,,Image;StillImage,image/jpg,artifact,artifact_image,,/objects/sc1368r.jpg,/objects/small/sc1368r_sm.jpg,/objects/thumbs/sc1368_th.jpg,
oc611,,SC 1035,Pan troglodytes,Chimpanzee ,Mammalia,Primates,Halporrhini,Hominidae,"Mounted skull, mandible ","Species determination is uncertain, specimen is of a young animal ",,Mammal;Primate;Monkey;Mounted;Skull,,,,,Image;StillImage,image/jpg,artifact,artifact_image,,/objects/sc1335.jpg,/objects/small/sc1335_sm.jpg,/objects/thumbs/sc1335_th.jpg,
oc612,,SC 1344,Pan troglodytes,Chimpanzee ,Mammalia,Primates,Halporrhini,Hominidae,Mandible ,Species determination uncertain ,,Mammal;Primate;Monkey;Mandible,,,,,Image;StillImage,image/jpg,artifact,compound_object,,/objects/sc1344.jpg,/objects/small/sc1344_sm.jpg,/objects/thumbs/sc1344_th.jpg,
oc613,oc612,,,,,,,,,,,,,,,,Image;StillImage,image/jpg,artifact,artifact_image,,/objects/sc1344.jpg,/objects/small/sc1344_sm.jpg,/objects/thumbs/sc1344_th.jpg,
oc614,oc612,,,,,,,,,,,,,,,,Image;StillImage,image/jpg,artifact,artifact_image,,/objects/sc1344r.jpg,/objects/small/sc1344r_sm.jpg,/objects/thumbs/sc1344r_th.jpg,
oc615,,SC 1345,Pongo pygmaeus ,Orangutan ,Mammalia,Primates,Halporrhini,Hominidae,Mounted Hand Bones ,,,Mammal;Primate;Monkey;Hand,,,,,Image;StillImage,image/jpg,artifact,compound_object,,/objects/sc1345.jpg,/objects/small/sc1345_sm.jpg,/objects/thumbs/sc1345_th.jpg,
oc616,oc615,,,,,,,,,,,,,,,,Image;StillImage,image/jpg,artifact,artifact_image,,/objects/sc1345.jpg,/objects/small/sc1345_sm.jpg,/objects/thumbs/sc1345_th.jpg,
oc617,oc615,,,,,,,,,,,,,,,,Image;StillImage,image/jpg,artifact,artifact_image,,/objects/sc1345b.jpg,/objects/small/sc1345b_sm.jpg,/objects/thumbs/sc1345b_th.jpg,
oc618,oc615,,,,,,,,,,,,,,,,Image;StillImage,image/jpg,artifact,artifact_image,,/objects/sc1345s.jpg,/objects/small/sc1345s_sm.jpg,/objects/thumbs/sc1345s_th.jpg,
oc619,,SC1004,Hylobates sp.,Gibbons ,Mammalia,Primates,Haplorrhini,Hylobatidae,"Mounted Skeleton, no skull or mandible ",,,Mammal;Primate;Monkey;Mounted;Skeleton,,,,,Image;StillImage,image/jpg,artifact,compound_object,,/objects/sc1004.jpg,/objects/small/sc1004_sm.jpg,/objects/thumbs/sc1004_th.jpg,
oc620,oc619,,,,,,,,,,,,,,,,Image;StillImage,image/jpg,artifact,artifact_image,,/objects/sc1004.jpg,/objects/small/sc1004_sm.jpg,/objects/thumbs/sc1004_th.jpg,
oc621,oc619,,,,,,,,,,,,,,,,Image;StillImage,image/jpg,artifact,artifact_image,,/objects/sc1004r.jpg,/objects/small/sc1004r_sm.jpg,/objects/thumbs/sc1004r_th.jpg,
oc622,,SC 2039,Macaca mulatta,Rhesus Monkey,Mammalia,Primates,Halporrhini,Cercopithecidae,"Skull, mandible ",,,Mammal;Primate;Monkey;Skull;Mandible,,,,,Image;StillImage,image/jpg,artifact,compound_object,,/objects/sc2039.jpg,/objects/small/sc2039_sm.jpg,/objects/thumbs/sc2039_th.jpg,
oc623,oc622,,,,,,,,,,,,,,,,Image;StillImage,image/jpg,artifact,artifact_image,,/objects/sc2039.jpg,/objects/small/sc2039_sm.jpg,/objects/thumbs/sc2039_th.jpg,
oc624,oc622,,,,,,,,,,,,,,,,Image;StillImage,image/jpg,artifact,artifact_image,,/objects/sc2039f.jpg,/objects/small/sc2039f_sm.jpg,/objects/thumbs/sc2039f_th.jpg,
oc625,oc622,,,,,,,,,,,,,,,,Image;StillImage,image/jpg,artifact,artifact_image,,/objects/sc2039r.jpg,/objects/small/sc2039r_sm.jpg,/objects/thumbs/sc2039r_th.jpg,
oc626,,SC 2040,Halporrhini sp. ,Monkey,Mammalia,Primates,Halporrhini,,Skull ,Parietal and frontal bones broken,,Mammal;Primate;Monkey;Skull,,,,,Image;StillImage,image/jpg,artifact,compound_object,,/objects/sc2040f.jpg,/objects/small/sc2040f_sm.jpg,/objects/thumbs/sc2040f_th.jpg,
oc627,oc626,,,,,,,,,,,,,,,,Image;StillImage,image/jpg,artifact,artifact_image,,/objects/sc2040f.jpg,/objects/small/sc2040f_sm.jpg,/objects/thumbs/sc2040f_th.jpg,
oc628,oc626,,,,,,,,,,,,,,,,Image;StillImage,image/jpg,artifact,artifact_image,,/objects/sc2040.jpg,/objects/small/sc2040_sm.jpg,/objects/thumbs/sc2040_th.jpg,
oc629,oc626,,,,,,,,,,,,,,,,Image;StillImage,image/jpg,artifact,artifact_image,,/objects/sc2040b.jpg,/objects/small/sc2040b_sm.jpg,/objects/thumbs/sc2040b_th.jpg,
oc630,oc626,,,,,,,,,,,,,,,,Image;StillImage,image/jpg,artifact,artifact_image,,/objects/sc2040r.jpg,/objects/small/sc2040r_sm.jpg,/objects/thumbs/sc2040r_th.jpg,
oc631,,SC 2041,Halporrhini sp. ,Monkey,Mammalia,Primates,Halporrhini,,"Skull, mandible ",Not Real ,,Mammal;Primate;Monkey;Skull;Mandible,,,,,Image;StillImage,image/jpg,artifact,compound_object,,/objects/sc2041.jpg,/objects/small/sc2041_sm.jpg,/objects/thumbs/sc2041_th.jpg,
oc632,oc631,,,,,,,,,,,,,,,,Image;StillImage,image/jpg,artifact,artifact_image,,/objects/sc2041.jpg,/objects/small/sc2041_sm.jpg,/objects/thumbs/sc2041_th.jpg,
oc633,oc631,,,,,,,,,,,,,,,,Image;StillImage,image/jpg,artifact,artifact_image,,/objects/sc2041f.jpg,/objects/small/sc2041f_sm.jpg,/objects/thumbs/sc2041f_th.jpg,
oc634,oc631,,,,,,,,,,,,,,,,Image;StillImage,image/jpg,artifact,artifact_image,,/objects/sc2041r.jpg,/objects/small/sc2041r_sm.jpg,/objects/thumbs/sc2041r_th.jpg,
oc635,,SC 2042,Halporrhini sp. ,Monkey,Mammalia,Primates,Halporrhini,,mandible,Not Real ,,Mammal;Primate;Monkey;Mandible,,,,,Image;StillImage,image/jpg,artifact,compound_object,,/objects/sc2042.jpg,/objects/small/sc2042_sm.jpg,/objects/thumbs/sc2042_th.jpg,
oc636,oc635,,,,,,,,,,,,,,,,Image;StillImage,image/jpg,artifact,artifact_image,,/objects/sc2042.jpg,/objects/small/sc2042_sm.jpg,/objects/thumbs/sc2042_th.jpg,
oc637,oc635,,,,,,,,,,,,,,,,Image;StillImage,image/jpg,artifact,artifact_image,,/objects/sc2042r.jpg,/objects/small/sc2042r_sm.jpg,/objects/thumbs/sc2042r_th.jpg,
oc638,,SC 2043,Halporrhini sp. ,Monkey,Mammalia,Primates,Halporrhini,,Disarticulated Skull,"Species determination uncertain, Missing mandible",,Mammal;Primate;Monkey;Skull;Disarticulated,,,,,Image;StillImage,image/jpg,artifact,artifact_image,,/objects/sc2043.jpg,/objects/small/sc2043_sm.jpg,/objects/thumbs/sc2043_th.jpg,
oc639,,SC 1394,Elephas Maximus or Loxodonta,Asian Elephant or African Elephant,Mammalia,Proboscidea,Elephanteformes,Elephantidae,Tusk ,Species determination uncertain ,,Mammal;Elephant;Tusk,,,,,Image;StillImage,image/jpg,artifact,artifact_image,,/objects/sc1394r.jpg,/objects/small/sc1394r_sm.jpg,/objects/thumbs/sc1394r_th.jpg,
oc640,,SC 1395,Elephas Maximus or Loxodonta,Asian Elephant or African Elephant,Mammalia,Proboscidea,Elephanteformes,Elephantidae,Tusk ,,,Mammal;Elephant;Tusk,,,,,Image;StillImage,image/jpg,artifact,artifact_image,,/objects/sc1395r.jpg,/objects/small/sc1395r_sm.jpg,/objects/thumbs/sc1395r_th.jpg,
oc641,,SC 1396,Mammut americanum ,Mastodon ,Mammalia,Proboscidea,n/a,Mammutidae,Tooth ,,,Mammal;Proboscidean;Tooth;Extinct,,,,,Image;StillImage,image/jpg,artifact,compound_object,,/objects/sc1396.jpg,/objects/small/sc1396_sm.jpg,/objects/thumbs/sc1396_th.jpg,
oc642,oc641,,,,,,,,,,,,,,,,Image;StillImage,image/jpg,artifact,artifact_image,,/objects/sc1396.jpg,/objects/small/sc1396_sm.jpg,/objects/thumbs/sc1396_th.jpg,
oc643,oc641,,,,,,,,,,,,,,,,Image;StillImage,image/jpg,artifact,artifact_image,,/objects/sc1396f.jpg,/objects/small/sc1396f_sm.jpg,/objects/thumbs/sc1396f_th.jpg,
oc644,oc641,,,,,,,,,,,,,,,,Image;StillImage,image/jpg,artifact,artifact_image,,/objects/sc1396r.jpg,/objects/small/sc1396r_sm.jpg,/objects/thumbs/sc1396r_th.jpg,
oc645,,SC 1036,Castor canadensis,American Beaver ,Mammalia,Rodentia,Castorimorpha,Castoridae ,"Skull, mandible ",,,Mammal;Rodent;Skull;Mandible,,,,,,,,,,,,,
oc646,,SC 1064,Castor canadensis ,American Beaver ,Mammalia,Rodentia,Castorimorpha,Castoridae ,Skull ,,,Mammal;Rodent;Skull,,,,,,,,,,,,,
oc647,,SC 1090,Castor canadensis ,American Beaver ,Mammalia,Rodentia,Castorimorpha,Castoridae ,Mandible ,,,Mammal;Rodent;Mandible,,,,,,,,,,,,,
oc648,,SC 1096,Castor canadensis ,American Beaver ,Mammalia,Rodentia,Castorimorpha,Castoridae ,Mandible ,,,Mammal;Rodent;Mandible,,,,,,,,,,,,,
oc649,,SC 1364,Castor canadensis ,American Beaver ,Mammalia,Rodentia,Castorimorpha,Castoridae ,"Spinal column, pelvis",Vertabrae are articulated to pelvis bones ,,Mammal;Rodent;Spine;Pelvis,,,,,,,,,,,,,
oc650,,SC 1365,Castor canadensis ,American Beaver ,Mammalia,Rodentia,Castorimorpha,Castoridae ,Femur,,,Mammal;Rodent;Femur,,,,,,,,,,,,,
oc651,,SC 1037,Hydrochoerus hydrochaeris,Capybara ,Mammalia,Rodentia,Hystricomorpha ,Caviidae,"Skull, mandible ",,,Mammal;Rodent;Skull;Mandible,,,,,,,,,,,,,
oc652,,SC 1039,Neotoma floridana ,Eastern Wood rat ,Mammalia,Rodentia,Myomorpha,Cricetidae,"Full skeleton, mounted",,,Mammal;Rodent;Rat;Mounted;Skeleton,,,,,,,,,,,,,
oc653,,SC 1040,Neotoma floridana ,Eastern Wood rat ,Mammalia,Rodentia,Myomorpha ,Cricetidae,"Full skeleton, mounted",,,Mammal;Rodent;Rat;Mounted;Skeleton,,,,,,,,,,,,,
oc654,,SC 1091,Ondatra zibethicus ,Muskrat,Mammalia,Rodentia,Myomorpha ,Cricetidae ,"Skull, mandible ",,,Mammal;Rodent;Rat;Skull;Mandible,,,,,,,,,,,,,
oc655,,SC 1092,Ondatra zibethicus ,Muskrat,Mammalia,Rodentia,Myomorpha ,Cricetidae ,"Skull, mandible ",,,Mammal;Rodent;Rat;Skull;Mandible,,,,,,,,,,,,,
oc656,,SC 1093,Ondatra zibethicus ,Muskrat,Mammalia,Rodentia,Myomorpha ,Cricetidae ,"Skull, mandible ",,,Mammal;Rodent;Rat;Skull;Mandible,,,,,,,,,,,,,
oc657,,SC 1094,Ondatra zibethicus ,Muskrat,Mammalia,Rodentia,Myomorpha ,Cricetidae ,"Skull, mandible ",,,Mammal;Rodent;Rat;Skull;Mandible,,,,,,,,,,,,,
oc658,,SC 1095,Ondatra zibethicus ,Muskrat,Mammalia,Rodentia,Myomorpha ,Cricetidae ,"Skull, mandible ",,,Mammal;Rodent;Rat;Skull;Mandible,,,,,,,,,,,,,
oc659,,SC 1183,Peromyscus leucopus,White-footed Mouse,Mammalia,Rodentia,Myomorpha ,Cricetidae ,"Skull, mandible ",Male specimen ,,Mammal;Rodent;Mouse;Skull;Mandible;Local;Male,,,,,,,,,,,,,
oc660,,SC 1184,Peromyscus leucopus,White-footed Mouse,Mammalia,Rodentia,Myomorpha ,Cricetidae ,"Skull, mandible ","Male specimen, 8/26/1947",,Mammal;Rodent;Mouse;Skull;Mandible,,,,,,,,,,,,,
oc661,,SC 1185,Peromyscus leucopus,White-footed Mouse,Mammalia,Rodentia,Myomorpha ,Cricetidae ,"Skull, mandible ","Male specimen, 11/1/1949",,Mammal;Rodent;Mouse;Skull;Mandible,,,,,,,,,,,,,
oc662,,SC 1186,Peromyscus leucopus,White-footed Mouse,Mammalia,Rodentia,Myomorpha ,Cricetidae ,"Skull, mandible ","Female specimen caught behind Martin, 11/20/1949",,Mammal;Rodent;Mouse;Skull;Mandible,,,,,,,,,,,,,
oc663,,SC 1187,Peromyscus leucopus,White-footed Mouse,Mammalia,Rodentia,Myomorpha ,Cricetidae ,"Skull, mandible ",,,Mammal;Rodent;Mouse;Skull;Mandible,,,,,,,,,,,,,
oc664,,SC 1188,Peromyscus leucopus,White-footed Mouse,Mammalia,Rodentia,Myomorpha ,Cricetidae ,"Skull, mandible ",,,Mammal;Rodent;Mouse;Skull;Mandible,,,,,,,,,,,,,
oc665,,SC 1189,Peromyscus leucopus,White-footed Mouse,Mammalia,Rodentia,Myomorpha ,Cricetidae ,"Skull, mandible ",,,Mammal;Rodent;Mouse;Skull;Mandible,,,,,,,,,,,,,
oc666,,SC 1190,Peromyscus leucopus,White-footed Mouse,Mammalia,Rodentia,Myomorpha ,Cricetidae ,"Skull, mandible ",Skull broken ,,Mammal;Rodent;Mouse;Skull;Mandible,,,,,,,,,,,,,
oc667,,SC 1191,Peromyscus leucopus,White-footed Mouse,Mammalia,Rodentia,Myomorpha ,Cricetidae ,"Skull, mandible ",3/3/1961,,Mammal;Rodent;Mouse;Skull;Mandible,,,,,,,,,,,,,
oc668,,SC 1192,Peromyscus leucopus,White-footed Mouse,Mammalia,Rodentia,Myomorpha ,Cricetidae ,"Skull, mandible ",,,Mammal;Rodent;Mouse;Skull;Mandible,,,,,,,,,,,,,
oc669,,SC 1193,Peromyscus leucopus,White-footed Mouse,Mammalia,Rodentia,Myomorpha ,Cricetidae ,"Skull, mandible ",,,Mammal;Rodent;Mouse;Skull;Mandible,,,,,,,,,,,,,
oc670,,SC 1194,Peromyscus leucopus,White-footed Mouse,Mammalia,Rodentia,Myomorpha ,Cricetidae ,"Skull, mandible ",,,Mammal;Rodent;Mouse;Skull;Mandible,,,,,,,,,,,,,
oc671,,SC 1195,Peromyscus leucopus,White-footed Mouse,Mammalia,Rodentia,Myomorpha ,Cricetidae ,"Skull, mandible ",,,Mammal;Rodent;Mouse;Skull;Mandible,,,,,,,,,,,,,
oc672,,SC 1196,Peromyscus leucopus,White-footed Mouse,Mammalia,Rodentia,Myomorpha ,Cricetidae ,"Skull, mandible ",Skull broken ,,Mammal;Rodent;Mouse;Skull;Mandible,,,,,,,,,,,,,
oc673,,SC 1197,Peromyscus leucopus,White-footed Mouse,Mammalia,Rodentia,Myomorpha ,Cricetidae ,"Skull, mandible ",,,Mammal;Rodent;Mouse;Skull;Mandible,,,,,,,,,,,,,
oc674,,SC 1198,Peromyscus leucopus,White-footed Mouse,Mammalia,Rodentia,Myomorpha ,Cricetidae ,"Skull, mandible ",Collect: 3/4/1961,,Mammal;Rodent;Mouse;Skull;Mandible,,,,,,,,,,,,,
oc675,,SC 1199,Peromyscus leucopus,White-footed Mouse,Mammalia,Rodentia,Myomorpha ,Cricetidae ,"Skull, mandible ",Mandible Broken ,,Mammal;Rodent;Mouse;Skull;Mandible,,,,,,,,,,,,,
oc676,,SC 1200,Peromyscus leucopus,White-footed Mouse,Mammalia,Rodentia,Myomorpha ,Cricetidae ,"Skull, mandible ",,,Mammal;Rodent;Mouse;Skull;Mandible,,,,,,,,,,,,,
oc677,,SC 1201,Peromyscus leucopus,White-footed Mouse,Mammalia,Rodentia,Myomorpha ,Cricetidae ,"Skull, mandible ","Skull broken, Collected: 3/4/1961",,Mammal;Rodent;Mouse;Skull;Mandible,,,,,,,,,,,,,
oc678,,SC 1202,Peromyscus leucopus,White-footed Mouse,Mammalia,Rodentia,Myomorpha ,Cricetidae ,"Skull, mandible ",Skull broken ,,Mammal;Rodent;Mouse;Skull;Mandible,,,,,,,,,,,,,
oc679,,SC 1203,Peromyscus leucopus,White-footed Mouse,Mammalia,Rodentia,Myomorpha ,Cricetidae ,"Skull, mandible ","Male specimen caught in Crum meadow, Collected: 11/13/1949",,Mammal;Rodent;Mouse;Skull;Mandible,,,,,,,,,,,,,
oc680,,SC 1204,Peromyscus leucopus,White-footed Mouse,Mammalia,Rodentia,Myomorpha ,Cricetidae ,Skull,,,Mammal;Rodent;Mouse;Skull,,,,,,,,,,,,,
oc681,,SC 1205,Peromyscus leucopus,White-footed Mouse,Mammalia,Rodentia,Myomorpha ,Cricetidae ,Skull,,,Mammal;Rodent;Mouse;Skull,,,,,,,,,,,,,
oc682,,SC 1206,Peromyscus leucopus,White-footed Mouse,Mammalia,Rodentia,Myomorpha ,Cricetidae ,"Skull, mandible ",Mandible broken ,,Mammal;Rodent;Mouse;Skull;Mandible,,,,,,,,,,,,,
oc683,,SC 1207,Peromyscus leucopus,White-footed Mouse,Mammalia,Rodentia,Myomorpha ,Cricetidae ,Skull  ,,,Mammal;Rodent;Mouse;Skull,,,,,,,,,,,,,
oc684,,SC 1208,Peromyscus leucopus,White-footed Mouse,Mammalia,Rodentia,Myomorpha ,Cricetidae ,"Skull, mandible ",,,Mammal;Rodent;Mouse;Skull;Mandible,,,,,,,,,,,,,
oc685,,SC 1227,Neotoma floridana,Eastern Woodrat,Mammalia,Rodentia,Myomorpha ,Cricetidae ,Skull ,,,Mammal;Rodent;Rat;Skull,,,,,,,,,,,,,
oc686,,SC 1229,Peromyscus leucopus,White-footed Mouse,Mammalia,Rodentia,Myomorpha ,Cricetidae ,"Skull, mandible ","Male Specimen, Collected: 8/6/52",,Mammal;Rodent;Mouse;Skull;Mandible,,,,,,,,,,,,,
oc687,,SC 1230,Peromyscus leucopus,White-footed Mouse,Mammalia,Rodentia,Myomorpha ,Cricetidae ,"Skull, mandible ",Skull cap broken off ,,Mammal;Rodent;Mouse;Skull;Mandible,,,,,,,,,,,,,
oc688,,SC 1231,Peromyscus leucopus,White-footed Mouse,Mammalia,Rodentia,Myomorpha ,Cricetidae ,"Skull, mandible ",Skull cap broken off ,,Mammal;Rodent;Mouse;Skull;Mandible,,,,,,,,,,,,,
oc689,,SC 1233,Microtus pennsylvanicus ,Meadow Vole ,Mammalia,Rodentia,Myomorpha ,Cricetidae ,"Skull, mandible",,,Mammal;Rodent;Vole;Skull;Mandible,,,,,,,,,,,,,
oc690,,SC 1234,Microtus pennsylvanicus ,Meadow Vole ,Mammalia,Rodentia,Myomorpha ,Cricetidae ,"Skull, mandible",,,Mammal;Rodent;Vole;Skull;Mandible,,,,,,,,,,,,,
oc691,,SC 1235,Microtus pennsylvanicus ,Meadow Vole ,Mammalia,Rodentia,Myomorpha ,Cricetidae ,"Skull, mandible","Found in Crum Meadow, Collected: 9/18/1949",,Mammal;Rodent;Vole;Skull;Mandible,,,,,,,,,,,,,
oc692,,SC 1236,Microtus pennsylvanicus ,Meadow Vole ,Mammalia,Rodentia,Myomorpha ,Cricetidae ,"Skull, mandible",,,Mammal;Rodent;Vole;Skull;Mandible,,,,,,,,,,,,,
oc693,,SC 1237,Microtus pennsylvanicus ,Meadow Vole ,Mammalia,Rodentia,Myomorpha ,Cricetidae ,"Skull, mandible",,,Mammal;Rodent;Vole;Skull;Mandible,,,,,,,,,,,,,
oc694,,SC 1238,Microtus pennsylvanicus ,Meadow Vole ,Mammalia,Rodentia,Myomorpha ,Cricetidae ,"Skull, mandible",Collected: 12/13/1949,,Mammal;Rodent;Vole;Skull;Mandible,,,,,,,,,,,,,
oc695,,SC 1239,Microtus pennsylvanicus ,Meadow Vole ,Mammalia,Rodentia,Myomorpha ,Cricetidae ,"Skull, mandible",,,Mammal;Rodent;Vole;Skull;Mandible,,,,,,,,,,,,,
oc696,,SC 1240,Microtus pennsylvanicus ,Meadow Vole ,Mammalia,Rodentia,Myomorpha ,Cricetidae ,"Skull, mandible",,,Mammal;Rodent;Vole;Skull;Mandible,,,,,,,,,,,,,
oc697,,SC 1241,Microtus pennsylvanicus ,Meadow Vole ,Mammalia,Rodentia,Myomorpha ,Cricetidae ,"Skull, mandible",Male Specimen ,,Mammal;Rodent;Vole;Skull;Mandible,,,,,,,,,,,,,
oc698,,SC 1242,Microtus pennsylvanicus ,Meadow Vole ,Mammalia,Rodentia,Myomorpha ,Cricetidae ,"Skull, mandible",,,Mammal;Rodent;Vole;Skull;Mandible,,,,,,,,,,,,,
oc699,,SC 1243,Microtus pennsylvanicus ,Meadow Vole ,Mammalia,Rodentia,Myomorpha ,Cricetidae ,"Skull, mandible",,,Mammal;Rodent;Vole;Skull;Mandible,,,,,,,,,,,,,
oc700,,SC 1244,Microtus pennsylvanicus ,Meadow Vole ,Mammalia,Rodentia,Myomorpha ,Cricetidae ,"Skull, mandible",Male Specimen ,,Mammal;Rodent;Vole;Skull;Mandible,,,,,,,,,,,,,
oc701,,SC 1245,Microtus pennsylvanicus ,Meadow Vole ,Mammalia,Rodentia,Myomorpha ,Cricetidae ,"Skull, mandible",,,Mammal;Rodent;Vole;Skull;Mandible,,,,,,,,,,,,,
oc702,,SC 1246,Microtus pennsylvanicus ,Meadow Vole ,Mammalia,Rodentia,Myomorpha ,Cricetidae ,"Skull, mandible",Female Specimen ,,Mammal;Rodent;Vole;Skull;Mandible,,,,,,,,,,,,,
oc703,,SC 1247,Microtus pennsylvanicus ,Meadow Vole ,Mammalia,Rodentia,Myomorpha ,Cricetidae ,"Skull, mandible",Male Specimen ,,Mammal;Rodent;Vole;Skull;Mandible,,,,,,,,,,,,,
oc704,,SC 1248,Microtus pennsylvanicus ,Meadow Vole ,Mammalia,Rodentia,Myomorpha ,Cricetidae ,"Skull, mandible",Male Specimen ,,Mammal;Rodent;Vole;Skull;Mandible,,,,,,,,,,,,,
oc705,,SC 1249,Microtus pennsylvanicus ,Meadow Vole ,Mammalia,Rodentia,Myomorpha ,Cricetidae ,"Skull, mandible",Female Specimen ,,Mammal;Rodent;Vole;Skull;Mandible,,,,,,,,,,,,,
oc706,,SC 1250,Microtus pennsylvanicus ,Meadow Vole ,Mammalia,Rodentia,Myomorpha ,Cricetidae ,Skull,,,Mammal;Rodent;Vole;Skull;Mandible,,,,,,,,,,,,,
oc707,,SC 1251,Microtus pennsylvanicus ,Meadow Vole ,Mammalia,Rodentia,Myomorpha ,Cricetidae ,Skull,,,Mammal;Rodent;Vole;Skull;Mandible,,,,,,,,,,,,,
oc708,,SC 1252,Microtus pennsylvanicus ,Meadow Vole ,Mammalia,Rodentia,Myomorpha ,Cricetidae ,"Skull, mandible",,,Mammal;Rodent;Vole;Skull;Mandible,,,,,,,,,,,,,
oc709,,SC 1253,Microtus pennsylvanicus ,Meadow Vole ,Mammalia,Rodentia,Myomorpha ,Cricetidae ,"Skull, mandible",,,Mammal;Rodent;Vole;Skull;Mandible,,,,,,,,,,,,,
oc710,,SC 1254,Microtus pennsylvanicus ,Meadow Vole ,Mammalia,Rodentia,Myomorpha ,Cricetidae ,Skull,,,Mammal;Rodent;Vole;Skull;Mandible,,,,,,,,,,,,,
oc711,,SC 1255,Microtus pennsylvanicus ,Meadow Vole ,Mammalia,Rodentia,Myomorpha ,Cricetidae ,Skull,,,Mammal;Rodent;Vole;Skull;Mandible,,,,,,,,,,,,,
oc712,,SC 1256,Microtus pennsylvanicus ,Meadow Vole ,Mammalia,Rodentia,Myomorpha ,Cricetidae ,"Skull, mandible",,,Mammal;Rodent;Vole;Skull;Mandible,,,,,,,,,,,,,
oc713,,SC 1257,Microtus pennsylvanicus ,Meadow Vole ,Mammalia,Rodentia,Myomorpha ,Cricetidae ,Skull,,,Mammal;Rodent;Vole;Skull;Mandible,,,,,,,,,,,,,
oc714,,SC 1258,Microtus pennsylvanicus ,Meadow Vole ,Mammalia,Rodentia,Myomorpha ,Cricetidae ,Skull,,,Mammal;Rodent;Vole;Skull;Mandible,,,,,,,,,,,,,
oc715,,SC 1259,Microtus pennsylvanicus ,Meadow Vole ,Mammalia,Rodentia,Myomorpha ,Cricetidae ,Skull,Female Specimen ,,Mammal;Rodent;Vole;Skull;Mandible,,,,,,,,,,,,,
oc716,,SC 1260,Microtus pennsylvanicus ,Meadow Vole ,Mammalia,Rodentia,Myomorpha ,Cricetidae ,Skull,,,Mammal;Rodent;Vole;Skull;Mandible,,,,,,,,,,,,,
oc717,,SC 1261,Microtus pennsylvanicus ,Meadow Vole ,Mammalia,Rodentia,Myomorpha ,Cricetidae ,Skull,Female Specimen ,,Mammal;Rodent;Vole;Skull;Mandible,,,,,,,,,,,,,
oc718,,SC 1262,Microtus pennsylvanicus ,Meadow Vole ,Mammalia,Rodentia,Myomorpha ,Cricetidae ,Skull,Female Specimen. Amherst,,Mammal;Rodent;Vole;Skull;Mandible,,,,,,,,,,,,,
oc719,,SC 1263,Microtus pennsylvanicus ,Meadow Vole ,Mammalia,Rodentia,Myomorpha ,Cricetidae ,Skull,"Female Specimen, found behind fieldhouse, Collected: 12/6/1948",,Mammal;Rodent;Vole;Skull;Mandible,,,,,,,,,,,,,
oc720,,SC 1264,Microtus pennsylvanicus ,Meadow Vole ,Mammalia,Rodentia,Myomorpha ,Cricetidae ,"Skull, mandible",Female Specimen ,,Mammal;Rodent;Vole;Skull;Mandible,,,,,,,,,,,,,
oc721,,SC 1265,Microtus pennsylvanicus ,Meadow Vole ,Mammalia,Rodentia,Myomorpha ,Cricetidae ,Skull,,,Mammal;Rodent;Vole;Skull;Mandible,,,,,,,,,,,,,
oc722,,SC 1266,Microtus pennsylvanicus ,Meadow Vole ,Mammalia,Rodentia,Myomorpha ,Cricetidae ,"Skull, mandible",,,Mammal;Rodent;Vole;Skull;Mandible,,,,,,,,,,,,,
oc723,,SC 1267,Microtus pennsylvanicus ,Meadow Vole ,Mammalia,Rodentia,Myomorpha ,Cricetidae ,"Skull, mandible",,,Mammal;Rodent;Vole;Skull;Mandible,,,,,,,,,,,,,
oc724,,SC 1268,Microtus pennsylvanicus ,Meadow Vole ,Mammalia,Rodentia,Myomorpha ,Cricetidae ,Skull,Female Specimen ,,Mammal;Rodent;Vole;Skull;Mandible,,,,,,,,,,,,,
oc725,,SC 1269,Microtus pennsylvanicus ,Meadow Vole ,Mammalia,Rodentia,Myomorpha ,Cricetidae ,"Skull, mandible",,,Mammal;Rodent;Vole;Skull;Mandible,,,,,,,,,,,,,
oc726,,SC 1270,Microtus pennsylvanicus ,Meadow Vole ,Mammalia,Rodentia,Myomorpha ,Cricetidae ,Skull,,,Mammal;Rodent;Vole;Skull;Mandible,,,,,,,,,,,,,
oc727,,SC 1271,Microtus pennsylvanicus ,Meadow Vole ,Mammalia,Rodentia,Myomorpha ,Cricetidae ,"Skull, mandible",,,Mammal;Rodent;Vole;Skull;Mandible,,,,,,,,,,,,,
oc728,,SC 1272,Microtus pennsylvanicus ,Meadow Vole ,Mammalia,Rodentia,Myomorpha ,Cricetidae ,"Skull, mandible",,,Mammal;Rodent;Vole;Skull;Mandible,,,,,,,,,,,,,
oc729,,SC 1273,Microtus pennsylvanicus ,Meadow Vole ,Mammalia,Rodentia,Myomorpha ,Cricetidae ,Skull,,,Mammal;Rodent;Vole;Skull;Mandible,,,,,,,,,,,,,
oc730,,SC 1274,Microtus pennsylvanicus ,Meadow Vole ,Mammalia,Rodentia,Myomorpha ,Cricetidae ,"Skull, mandible",,,Mammal;Rodent;Vole;Skull;Mandible,,,,,,,,,,,,,
oc731,,SC 1275,Microtus pennsylvanicus ,Meadow Vole ,Mammalia,Rodentia,Myomorpha ,Cricetidae ,Skull,,,Mammal;Rodent;Vole;Skull;Mandible,,,,,,,,,,,,,
oc732,,SC 1276,Microtus pennsylvanicus ,Meadow Vole ,Mammalia,Rodentia,Myomorpha ,Cricetidae ,Skull,,,Mammal;Rodent;Vole;Skull;Mandible,,,,,,,,,,,,,
oc733,,SC 1277,Microtus pennsylvanicus ,Meadow Vole ,Mammalia,Rodentia,Myomorpha ,Cricetidae ,"Skull, mandible",Skull broken ,,Mammal;Rodent;Vole;Skull;Mandible,,,,,,,,,,,,,
oc734,,SC 1278,Microtus pennsylvanicus ,Meadow Vole ,Mammalia,Rodentia,Myomorpha ,Cricetidae ,"Skull, mandible",Skull broken off ,,Mammal;Rodent;Vole;Skull;Mandible,,,,,,,,,,,,,
oc735,,SC 1279,Microtus pennsylvanicus ,Meadow Vole ,Mammalia,Rodentia,Myomorpha ,Cricetidae ,"Skull, mandible",Skull broken off ,,Mammal;Rodent;Vole;Skull;Mandible,,,,,,,,,,,,,
oc736,,SC 1280,Microtus pennsylvanicus ,Meadow Vole ,Mammalia,Rodentia,Myomorpha ,Cricetidae ,"Skull, mandible",Skull broken off ,,Mammal;Rodent;Vole;Skull;Mandible,,,,,,,,,,,,,
oc737,,SC 1376,Microtus pennsylvanicus ,Meadow Vole ,Mammalia,Rodentia,Myomorpha ,Cricetidae ,Full Skeleton ,Skeleton disarticulated,,Mammal;Rodent;Vole;Skeleton,,,,,,,,,,,,,
oc738,,SC 1038,Erethizon dorsatum ,North American Porcupine ,Mammalia,Rodentia,Hystricomorpha ,Erethizontidae,"Skull, mandible ",,,Mammal;Rodent;Skull;Mandible,,,,,,,,,,,,,
oc739,,SC 1062,Erethizon dorsatum ,North American Porcupine ,Mammalia,Rodentia,Hystricomorpha ,Erethizontidae,"Skull, mandible ",,,Mammal;Rodent;Skull;Mandible,,,,,,,,,,,,,
oc740,,SC 1089,Erethizon dorsatum ,North American Porcupine ,Mammalia,Rodentia,Hystricomorpha ,Erethizontidae,"Skull, mandible ",,,Mammal;Rodent;Skull;Mandible,,,,,,,,,,,,,
oc741,,SC 1137,Erethizon dorsatum ,North American Porcupine ,Mammalia,Rodentia,Hystricomorpha ,Erethizontidae,"Skull, mandible ",,,Mammal;Rodent;Skull;Mandible,,,,,,,,,,,,,
oc742,,SC 1366,Erethizon dorsatum ,North American Porcupine ,Mammalia,Rodentia,Hystricomorpha ,Erethizontidae,"Spinal Column, Pelvis",Vertebrae are articulated to pelvic bones,,Mammal;Rodent;Skull;Mandible,,,,,,,,,,,,,
oc743,,SC 1171,Dipodomys spectablis ,Banner-tailed Kangaroo Rats ,Mammalia,Rodentia,Castorimorpha,Heteromyidae,"Skull, mandible, postcranila bones ","Postcranial bones: scapula, humerus (2), femur, tibia, and fibula ",,Mammal;Rodent;Rat;Skull;Mandible;Arm,,,,,,,,,,,,,
oc744,,SC 1172,Dipodomys agilis,Agile Kangaroo Rat,Mammalia,Rodentia,Castorimorpha,Heteromyidae,"Skull, mandible ",,,Mammal;Rodent;Rat;Skull;Mandible,,,,,,,,,,,,,
oc745,,SC 1173,Dipodomys agilis,Agile Kangaroo Rat,Mammalia,Rodentia,Castorimorpha,Heteromyidae,"Skull, mandible ",,,Mammal;Rodent;Rat;Skull;Mandible,,,,,,,,,,,,,
oc746,,SC 1174,Dipodomys agilis,Agile Kangaroo Rat,Mammalia,Rodentia,Castorimorpha,Heteromyidae,"Skull, mandible ",,,Mammal;Rodent;Rat;Skull;Mandible,,,,,,,,,,,,,
oc747,,SC 1175,Dipodomys agilis,Agile Kangaroo Rat,Mammalia,Rodentia,Castorimorpha,Heteromyidae,"Skull, mandible ",,,Mammal;Rodent;Rat;Skull;Mandible,,,,,,,,,,,,,
oc748,,SC 1176,Dipodomys agilis,Agile Kangaroo Rat,Mammalia,Rodentia,Castorimorpha,Heteromyidae,"Skull, mandible ",,,Mammal;Rodent;Rat;Skull;Mandible,,,,,,,,,,,,,
oc749,,SC 1177,Dipodomys agilis,Agile Kangaroo Rat,Mammalia,Rodentia,Castorimorpha,Heteromyidae,"Skull, mandible ",,,Mammal;Rodent;Rat;Skull;Mandible,,,,,,,,,,,,,
oc750,,SC 1178,Dipodomys agilis,Agile Kangaroo Rat,Mammalia,Rodentia,Castorimorpha,Heteromyidae,"Skull, mandible ",,,Mammal;Rodent;Rat;Skull;Mandible,,,,,,,,,,,,,
oc751,,SC 1179,Dipodomys agilis,Agile Kangaroo Rat,Mammalia,Rodentia,Castorimorpha,Heteromyidae,"Skull, mandible ",,,Mammal;Rodent;Rat;Skull;Mandible,,,,,,,,,,,,,
oc752,,SC 1180,Dipodomys ingens,Giant Kanagroo Rat,Mammalia,Rodentia,Castorimorpha,Heteromyidae,"Skull, mandible ",,,Mammal;Rodent;Rat;Skull;Mandible,,,,,,,,,,,,,
oc753,,SC 1181,Dipodomys ingens,Giant Kanagroo Rat,Mammalia,Rodentia,Castorimorpha,Heteromyidae,"Skull, mandible ",,,Mammal;Rodent;Rat;Skull;Mandible,,,,,,,,,,,,,
oc754,,SC 1182,Dipodomys ingens,Giant Kanagroo Rat,Mammalia,Rodentia,Castorimorpha,Heteromyidae,"Skull, mandible ",,,Mammal;Rodent;Rat;Skull;Mandible,,,,,,,,,,,,,
oc755,,SC 1209,Mus musculus ,House mouse ,Mammalia,Rodentia,Myomorpha ,Muridae,"Skull, mandible, paw",,,Mammal;Rodent;Mouse;Skull;Mandible;Paw,,,,,,,,,,,,,
oc756,,SC 1210,Mus musculus ,House mouse ,Mammalia,Rodentia,Myomorpha ,Muridae,"Skull, mandible, Paw",,,Mammal;Rodent;Mouse;Skull;Mandible;Paw,,,,,,,,,,,,,
oc757,,SC 1211,Mus musculus ,House mouse ,Mammalia,Rodentia,Myomorpha ,Muridae,"Skull, mandible",,,Mammal;Rodent;Mouse;Skull;Mandible,,,,,,,,,,,,,
oc758,,SC 1212,Mus musculus ,House mouse ,Mammalia,Rodentia,Myomorpha ,Muridae,"Skull, mandible",,,Mammal;Rodent;Mouse;Skull;Mandible,,,,,,,,,,,,,
oc759,,SC 1213,Mus musculus ,House mouse ,Mammalia,Rodentia,Myomorpha ,Muridae,"Skull, mandible",,,Mammal;Rodent;Mouse;Skull;Mandible,,,,,,,,,,,,,
oc760,,SC 1214,Mus musculus ,House mouse ,Mammalia,Rodentia,Myomorpha ,Muridae,"Skull, mandible","Male specimen, Collected: 10/9/1949",,Mammal;Rodent;Mouse;Skull;Mandible,,,,,,,,,,,,,
oc761,,SC 1215,Mus musculus ,House mouse ,Mammalia,Rodentia,Myomorpha ,Muridae,Skull ,,,Mammal;Rodent;Mouse;Skull,,,,,,,,,,,,,
oc762,,SC 1216,Mus musculus ,House mouse ,Mammalia,Rodentia,Myomorpha ,Muridae,Skull ,,,Mammal;Rodent;Mouse;Skull,,,,,,,,,,,,,
oc763,,SC 1217,Mus musculus ,House mouse ,Mammalia,Rodentia,Myomorpha ,Muridae,Skull ,Rostrum broken off. Species determination uncertain ,,Mammal;Rodent;Mouse;Skull,,,,,,,,,,,,,
oc764,,SC 1218,Mus musculus ,House mouse ,Mammalia,Rodentia,Myomorpha ,Muridae,Skull,Skull broken,,Mammal;Rodent;Mouse;Skull,,,,,,,,,,,,,
oc765,,SC 1232,Mus musculus ,House mouse ,Mammalia,Rodentia,Myomorpha ,Muridae,"Skull, mandible","Skull broken, species determination uncertain ",,Mammal;Rodent;Mouse;Skull;Mandible,,,,,,,,,,,,,
oc766,,SC 1049,Marmota monax ,Groundhog,Mammalia,Rodentia,Sciuromorpha,Sciuridae,"Skull, mandible ",,,Mammal;Rodent;Skull;Mandible,,,,,Image;StillImage,image/jpg,artifact,compound_object,,/objects/sc1049.jpg,/objects/small/sc1049_sm.jpg,/objects/thumbs/sc1049_th.jpg,
oc767,oc766,,,,,,,,,,,,,,,,Image;StillImage,image/jpg,artifact,artifact_image,,/objects/sc1049.jpg,/objects/small/sc1049_sm.jpg,/objects/thumbs/sc1049_th.jpg,
oc768,oc766,,,,,,,,,,,,,,,,Image;StillImage,image/jpg,artifact,artifact_image,,/objects/sc1049r.jpg,/objects/small/sc1049r_sm.jpg,/objects/thumbs/sc1049r_th.jpg,
oc769,,SC 1084,Marmota monax ,Groundhog,Mammalia,Rodentia,Sciuromorpha,Sciuridae,"Skull, mandible ",,,Mammal;Rodent;Skull;Mandible,,,,,Image;StillImage,image/jpg,artifact,compound_object,,/objects/sc1084.jpg,/objects/small/sc1084_sm.jpg,/objects/thumbs/sc1084_th.jpg,
oc770,oc769,,,,,,,,,,,,,,,,Image;StillImage,image/jpg,artifact,artifact_image,,/objects/sc1084.jpg,/objects/small/sc1084_sm.jpg,/objects/thumbs/sc1084_th.jpg,
oc771,oc769,,,,,,,,,,,,,,,,Image;StillImage,image/jpg,artifact,artifact_image,,/objects/sc1084r.jpg,/objects/small/sc1084r_sm.jpg,/objects/thumbs/sc1084r_th.jpg,
oc772,,SC 1085,Marmota monax ,Groundhog,Mammalia,Rodentia,Sciuromorpha,Sciuridae,Skull ,,,Mammal;Rodent;Skull,,,,,Image;StillImage,image/jpg,artifact,compound_object,,/objects/sc1085.jpg,/objects/small/sc1085_sm.jpg,/objects/thumbs/sc1085_th.jpg,
oc773,oc772,,,,,,,,,,,,,,,,Image;StillImage,image/jpg,artifact,artifact_image,,/objects/sc1085.jpg,/objects/small/sc1085_sm.jpg,/objects/thumbs/sc1085_th.jpg,
oc774,oc772,,,,,,,,,,,,,,,,Image;StillImage,image/jpg,artifact,artifact_image,,/objects/sc1085r.jpg,/objects/small/sc1085r_sm.jpg,/objects/thumbs/sc1085r_th.jpg,
oc775,,SC 1086,Marmota monax ,Groundhog,Mammalia,Rodentia,Sciuromorpha,Sciuridae,"Skull, mandible ",,,Mammal;Rodent;Skull;Mandible,,,,,Image;StillImage,image/jpg,artifact,compound_object,,/objects/sc1086.jpg,/objects/small/sc1086_sm.jpg,/objects/thumbs/sc1086_th.jpg,
oc776,oc775,,,,,,,,,,,,,,,,Image;StillImage,image/jpg,artifact,artifact_image,,/objects/sc1086.jpg,/objects/small/sc1086_sm.jpg,/objects/thumbs/sc1086_th.jpg,
oc777,oc775,,,,,,,,,,,,,,,,Image;StillImage,image/jpg,artifact,artifact_image,,/objects/sc1086r.jpg,/objects/small/sc1086r_sm.jpg,/objects/thumbs/sc1086r_th.jpg,
oc778,,SC 1087,Marmota monax ,Groundhog,Mammalia,Rodentia,Sciuromorpha,Sciuridae,"Skull, mandible ",Rostrum broken ,,Mammal;Rodent;Skull;Mandible,,,,,Image;StillImage,image/jpg,artifact,compound_object,,/objects/sc1087.jpg,/objects/small/sc1087_sm.jpg,/objects/thumbs/sc1087_th.jpg,
oc779,oc778,,,,,,,,,,,,,,,,Image;StillImage,image/jpg,artifact,artifact_image,,/objects/sc1087.jpg,/objects/small/sc1087_sm.jpg,/objects/thumbs/sc1087_th.jpg,
oc780,oc778,,,,,,,,,,,,,,,,Image;StillImage,image/jpg,artifact,artifact_image,,/objects/sc1087r.jpg,/objects/small/sc1087r_sm.jpg,/objects/thumbs/sc1087r_th.jpg,
oc781,,SC 1088,Marmota monax ,Groundhog,Mammalia,Rodentia,Sciuromorpha,Sciuridae,"Skull, mandible ","Premaxillary, occipital browken ",,Mammal;Rodent;Skull;Mandible,,,,,Image;StillImage,image/jpg,artifact,compound_object,,/objects/sc1088.jpg,/objects/small/sc1088_sm.jpg,/objects/thumbs/sc1088_th.jpg,
oc782,oc781,,,,,,,,,,,,,,,,Image;StillImage,image/jpg,artifact,artifact_image,,/objects/sc1088.jpg,/objects/small/sc1088_sm.jpg,/objects/thumbs/sc1088_th.jpg,
oc783,oc781,,,,,,,,,,,,,,,,Image;StillImage,image/jpg,artifact,artifact_image,,/objects/sc1088r.jpg,/objects/small/sc1088r_sm.jpg,/objects/thumbs/sc1088r_th.jpg,
oc784,,SC 1103,Sciurus niger,Eastern Fox Squirrel ,Mammalia,Rodentia,Sciuromorpha,Sciuridae,"Skull, mandible ",,,Mammal;Rodent;Squirrel;Skull;Mandible,,,,,Image;StillImage,image/jpg,artifact,compound_object,,/objects/sc1103.jpg,/objects/small/sc1103_sm.jpg,/objects/thumbs/sc1103_th.jpg,
oc785,oc784,,,,,,,,,,,,,,,,Image;StillImage,image/jpg,artifact,artifact_image,,/objects/sc1103.jpg,/objects/small/sc1103_sm.jpg,/objects/thumbs/sc1103_th.jpg,
oc786,oc784,,,,,,,,,,,,,,,,Image;StillImage,image/jpg,artifact,artifact_image,,/objects/sc1103r.jpg,/objects/small/sc1103r_sm.jpg,/objects/thumbs/sc1103r_th.jpg,
oc787,,SC 1104,Sciurus carolinensis,Gray Squirrel,Mammalia,Rodentia,Sciuromorpha,Sciuridae,"Skull, mandible ",,,Mammal;Rodent;Squirrel;Skull;Mandible,,,,,Image;StillImage,image/jpg,artifact,compound_object,,/objects/sc1104.jpg,/objects/small/sc1104_sm.jpg,/objects/thumbs/sc1104_th.jpg,
oc788,oc787,,,,,,,,,,,,,,,,Image;StillImage,image/jpg,artifact,artifact_image,,/objects/sc1104.jpg,/objects/small/sc1104_sm.jpg,/objects/thumbs/sc1104_th.jpg,
oc789,oc787,,,,,,,,,,,,,,,,Image;StillImage,image/jpg,artifact,artifact_image,,/objects/sc1104r.jpg,/objects/small/sc1104r_sm.jpg,/objects/thumbs/sc1104r_th.jpg,
oc790,oc787,,,,,,,,,,,,,,,,Image;StillImage,image/jpg,artifact,artifact_image,,/objects/sc1104p.jpg,/objects/small/sc1104p_sm.jpg,/objects/thumbs/sc1104p_th.jpg,
oc791,,SC 1105,Sciurus carolinensis,Gray Squirrel,Mammalia,Rodentia,Sciuromorpha,Sciuridae,"Skull, mandible ",,,Mammal;Rodent;Squirrel;Skull;Mandible,,,,,Image;StillImage,image/jpg,artifact,compound_object,,/objects/sc1105.jpg,/objects/small/sc1105_sm.jpg,/objects/thumbs/sc1105_th.jpg,
oc792,oc791,,,,,,,,,,,,,,,,Image;StillImage,image/jpg,artifact,artifact_image,,/objects/sc1105.jpg,/objects/small/sc1105_sm.jpg,/objects/thumbs/sc1105_th.jpg,
oc793,oc791,,,,,,,,,,,,,,,,Image;StillImage,image/jpg,artifact,artifact_image,,/objects/sc1105r.jpg,/objects/small/sc1105r_sm.jpg,/objects/thumbs/sc1105r_th.jpg,
oc794,,SC 1106,Sciurus carolinensis,Gray Squirrel,Mammalia,Rodentia,Sciuromorpha,Sciuridae,"Skull, mandible ",,,Mammal;Rodent;Squirrel;Skull;Mandible,,,,,Image;StillImage,image/jpg,artifact,artifact_image,,/objects/sc1106.jpg,/objects/small/sc1106_sm.jpg,/objects/thumbs/sc1106_th.jpg,
oc795,oc794,,,,,,,,,,,,,,,,Image;StillImage,image/jpg,artifact,artifact_image,,/objects/sc1106.jpg,/objects/small/sc1106_sm.jpg,/objects/thumbs/sc1106_th.jpg,
oc796,oc794,,,,,,,,,,,,,,,,Image;StillImage,image/jpg,artifact,artifact_image,,/objects/sc1106r.jpg,/objects/small/sc1106r_sm.jpg,/objects/thumbs/sc1106r_th.jpg,
oc797,,SC 1107,Sciurus carolinensis,Gray Squirrel,Mammalia,Rodentia,Sciuromorpha,Sciuridae,"Skull, mandible ",,,Mammal;Rodent;Squirrel;Skull;Mandible,,,,,Image;StillImage,image/jpg,artifact,compound_object,,/objects/sc1107.jpg,/objects/small/sc1107_sm.jpg,/objects/thumbs/sc1107_th.jpg,
oc798,oc797,,,,,,,,,,,,,,,,Image;StillImage,image/jpg,artifact,artifact_image,,/objects/sc1107.jpg,/objects/small/sc1107_sm.jpg,/objects/thumbs/sc1107_th.jpg,
oc799,oc797,,,,,,,,,,,,,,,,Image;StillImage,image/jpg,artifact,artifact_image,,/objects/sc1107r.jpg,/objects/small/sc1107r_sm.jpg,/objects/thumbs/sc1107r_th.jpg,
oc800,,SC 1108,Sciurus griseus ,Western Gray Squirrel,Mammalia,Rodentia,Sciuromorpha,Sciuridae,Skull,,,Mammal;Rodent;Squirrel;Skull,,,,,Image;StillImage,image/jpg,artifact,compound_object,,/objects/sc1108.jpg,/objects/small/sc1108_sm.jpg,/objects/thumbs/sc1108_th.jpg,
oc801,oc800,,,,,,,,,,,,,,,,Image;StillImage,image/jpg,artifact,artifact_image,,/objects/sc1108.jpg,/objects/small/sc1108_sm.jpg,/objects/thumbs/sc1108_th.jpg,
oc802,oc800,,,,,,,,,,,,,,,,Image;StillImage,image/jpg,artifact,artifact_image,,/objects/sc1108r.jpg,/objects/small/sc1108r_sm.jpg,/objects/thumbs/sc1108r_th.jpg,
oc803,,SC 1134,Tamias dorsalis,Cliff Chipmunk,Mammalia,Rodentia,Sciuromorpha,Sciuridae,Skull,,,Mammal;Rodent;Chipmunk;Skull,,,,,Image;StillImage,image/jpg,artifact,compound_object,,/objects/sc1134.jpg,/objects/small/sc1134_sm.jpg,/objects/thumbs/sc1134_th.jpg,
oc804,oc803,,,,,,,,,,,,,,,,Image;StillImage,image/jpg,artifact,artifact_image,,/objects/sc1134.jpg,/objects/small/sc1134_sm.jpg,/objects/thumbs/sc1134_th.jpg,
oc805,oc803,,,,,,,,,,,,,,,,Image;StillImage,image/jpg,artifact,artifact_image,,/objects/sc1134r.jpg,/objects/small/sc1134r_sm.jpg,/objects/thumbs/sc1134r_th.jpg,
oc806,,SC 1135,Tamias ,Chipmunk,Mammalia,Rodentia,Sciuromorpha,Sciuridae,"Skull, mandible ",,,Mammal;Rodent;Chipmunk;Skull;Mandible,,,,,Image;StillImage,image/jpg,artifact,compound_object,,/objects/sc1135.jpg,/objects/small/sc1135_sm.jpg,/objects/thumbs/sc1135_th.jpg,
oc807,oc806,,,,,,,,,,,,,,,,Image;StillImage,image/jpg,artifact,artifact_image,,/objects/sc1135.jpg,/objects/small/sc1135_sm.jpg,/objects/thumbs/sc1135_th.jpg,
oc808,oc806,,,,,,,,,,,,,,,,Image;StillImage,image/jpg,artifact,artifact_image,,/objects/sc1135r.jpg,/objects/small/sc1135r_sm.jpg,/objects/thumbs/sc1135r_th.jpg,
oc809,,SC 1136,Tamias ,Chipmunk,Mammalia,Rodentia,Sciuromorpha,Sciuridae,Skull  ,,,Mammal;Rodent;Chipmunk;Skull,,,,,Image;StillImage,image/jpg,artifact,compound_object,,/objects/sc1136.jpg,/objects/small/sc1136_sm.jpg,/objects/thumbs/sc1136_th.jpg,
oc810,oc809,,,,,,,,,,,,,,,,Image;StillImage,image/jpg,artifact,artifact_image,,/objects/sc1136.jpg,/objects/small/sc1136_sm.jpg,/objects/thumbs/sc1136_th.jpg,
oc811,oc809,,,,,,,,,,,,,,,,Image;StillImage,image/jpg,artifact,artifact_image,,/objects/sc1136r.jpg,/objects/small/sc1136r_sm.jpg,/objects/thumbs/sc1136r_th.jpg,
oc812,,SC 1219,Urocitellus townsendii,Townsend's Ground Squirrel ,Mammalia,Rodentia,Sciuromorpha,Sciuridae,Skull ,,,Mammal;Rodent;Squirrel;Skull,,,,,Image;StillImage,image/jpg,artifact,compound_object,,/objects/sc1219.jpg,/objects/small/sc1219_sm.jpg,/objects/thumbs/sc1219_th.jpg,
oc813,oc812,,,,,,,,,,,,,,,,Image;StillImage,image/jpg,artifact,artifact_image,,/objects/sc1219.jpg,/objects/small/sc1219_sm.jpg,/objects/thumbs/sc1219_th.jpg,
oc814,oc812,,,,,,,,,,,,,,,,Image;StillImage,image/jpg,artifact,artifact_image,,/objects/sc1219r.jpg,/objects/small/sc1219r_sm.jpg,/objects/thumbs/sc1219r_th.jpg,
oc815,,SC 1220,Urocitellus townsendii,Townsend's Ground Squirrel ,Mammalia,Rodentia,Sciuromorpha,Sciuridae,Skull ,,,Mammal;Rodent;Squirrel;Skull,,,,,Image;StillImage,image/jpg,artifact,compound_object,,/objects/sc1220.jpg,/objects/small/sc1220_sm.jpg,/objects/thumbs/sc1220_th.jpg,
oc816,oc815,,,,,,,,,,,,,,,,Image;StillImage,image/jpg,artifact,artifact_image,,/objects/sc1220.jpg,/objects/small/sc1220_sm.jpg,/objects/thumbs/sc1220_th.jpg,
oc817,oc815,,,,,,,,,,,,,,,,Image;StillImage,image/jpg,artifact,artifact_image,,/objects/sc1220r.jpg,/objects/small/sc1220r_sm.jpg,/objects/thumbs/sc1220r_th.jpg,
oc818,,SC 1221,Tamias merriami,Merriam's Chipmunk ,Mammalia,Rodentia,Sciuromorpha,Sciuridae,Skull ,,,Mammal;Rodent;Chipmunk;Skull,,,,,Image;StillImage,image/jpg,artifact,compound_object,,/objects/sc1221.jpg,/objects/small/sc1221_sm.jpg,/objects/thumbs/sc1221_th.jpg,
oc819,oc818,,,,,,,,,,,,,,,,Image;StillImage,image/jpg,artifact,artifact_image,,/objects/sc1221.jpg,/objects/small/sc1221_sm.jpg,/objects/thumbs/sc1221_th.jpg,
oc820,oc818,,,,,,,,,,,,,,,,Image;StillImage,image/jpg,artifact,artifact_image,,/objects/sc1221r.jpg,/objects/small/sc1221r_sm.jpg,/objects/thumbs/sc1221r_th.jpg,
oc821,,SC 1222,Tamias merriami,Merriam's Chipmunk ,Mammalia,Rodentia,Sciuromorpha,Sciuridae,Skull ,,,Mammal;Rodent;Chipmunk;Skull,,,,,Image;StillImage,image/jpg,artifact,compound_object,,/objects/sc1222.jpg,/objects/small/sc1222_sm.jpg,/objects/thumbs/sc1222_th.jpg,
oc822,oc821,,,,,,,,,,,,,,,,Image;StillImage,image/jpg,artifact,artifact_image,,/objects/sc1222.jpg,/objects/small/sc1222_sm.jpg,/objects/thumbs/sc1222_th.jpg,
oc823,oc821,,,,,,,,,,,,,,,,Image;StillImage,image/jpg,artifact,artifact_image,,/objects/sc1222r.jpg,/objects/small/sc1222r_sm.jpg,/objects/thumbs/sc1222r_th.jpg,
oc824,,SC 1223,Neotamias ruficaudus,Red-tailed Chipmunk,Mammalia,Rodentia,Sciuromorpha,Sciuridae,Skull ,,,Mammal;Rodent;Chipmunk;Skull,,,,,Image;StillImage,image/jpg,artifact,compound_object,,/objects/sc1223.jpg,/objects/small/sc1223_sm.jpg,/objects/thumbs/sc1223_th.jpg,
oc825,oc824,,,,,,,,,,,,,,,,Image;StillImage,image/jpg,artifact,artifact_image,,/objects/sc1223.jpg,/objects/small/sc1223_sm.jpg,/objects/thumbs/sc1223_th.jpg,
oc826,oc824,,,,,,,,,,,,,,,,Image;StillImage,image/jpg,artifact,artifact_image,,/objects/sc1223r.jpg,/objects/small/sc1223r_sm.jpg,/objects/thumbs/sc1223r_th.jpg,
oc827,,SC 1224,Neotamias ruficaudus,Red-tailed Chipmunk,Mammalia,Rodentia,Sciuromorpha,Sciuridae,Skull ,Male specimen,,Mammal;Rodent;Chipmunk;Skull,,,,,Image;StillImage,image/jpg,artifact,compound_object,,/objects/sc1224.jpg,/objects/small/sc1224_sm.jpg,/objects/thumbs/sc1224_th.jpg,
oc828,oc827,,,,,,,,,,,,,,,,Image;StillImage,image/jpg,artifact,artifact_image,,/objects/sc1224.jpg,/objects/small/sc1224_sm.jpg,/objects/thumbs/sc1224_th.jpg,
oc829,oc827,,,,,,,,,,,,,,,,Image;StillImage,image/jpg,artifact,artifact_image,,/objects/sc1224r.jpg,/objects/small/sc1224r_sm.jpg,/objects/thumbs/sc1224r_th.jpg,
oc830,,SC 1225,Glaucomys sabrinus ,Northern Flying Squirrel,Mammalia,Rodentia,Sciuromorpha,Sciuridae,"Skull, mandible",Female Specimen ,,Mammal;Rodent;Squirrel;Skull;Mandible,,,,,Image;StillImage,image/jpg,artifact,compound_object,,/objects/sc1225.jpg,/objects/small/sc1225_sm.jpg,/objects/thumbs/sc1225_th.jpg,
oc831,oc830,,,,,,,,,,,,,,,,Image;StillImage,image/jpg,artifact,artifact_image,,/objects/sc1225.jpg,/objects/small/sc1225_sm.jpg,/objects/thumbs/sc1225_th.jpg,
oc832,oc830,,,,,,,,,,,,,,,,Image;StillImage,image/jpg,artifact,artifact_image,,/objects/sc1225r.jpg,/objects/small/sc1225r_sm.jpg,/objects/thumbs/sc1225r_th.jpg,
oc833,,SC 1226,Glaucomys sabrinus ,Northern Flying Squirrel,Mammalia,Rodentia,Sciuromorpha,Sciuridae,"Skull, mandible",,,Mammal;Rodent;Squirrel;Skull;Mandible,,,,,Image;StillImage,image/jpg,artifact,compound_object,,/objects/sc1226.jpg,/objects/small/sc1226_sm.jpg,/objects/thumbs/sc1226_th.jpg,
oc834,oc833,,,,,,,,,,,,,,,,Image;StillImage,image/jpg,artifact,artifact_image,,/objects/sc1226.jpg,/objects/small/sc1226_sm.jpg,/objects/thumbs/sc1226_th.jpg,
oc835,oc833,,,,,,,,,,,,,,,,Image;StillImage,image/jpg,artifact,artifact_image,,/objects/sc1226r.jpg,/objects/small/sc1226r_sm.jpg,/objects/thumbs/sc1226r_th.jpg,
oc836,,SC 1228,Glaucomys sabrinus ,Northern Flying Squirrel,Mammalia,Rodentia,Sciuromorpha,Sciuridae,"Skull, mandible",Skull cap broken off ,,Mammal;Rodent;Squirrel;Skull;Mandible,,,,,Image;StillImage,image/jpg,artifact,compound_object,,/objects/sc1228.jpg,/objects/small/sc1228_sm.jpg,/objects/thumbs/sc1228_th.jpg,
oc837,oc836,,,,,,,,,,,,,,,,Image;StillImage,image/jpg,artifact,artifact_image,,/objects/sc1228.jpg,/objects/small/sc1228_sm.jpg,/objects/thumbs/sc1228_th.jpg,
oc838,oc836,,,,,,,,,,,,,,,,Image;StillImage,image/jpg,artifact,artifact_image,,/objects/sc1228r.jpg,/objects/small/sc1228r_sm.jpg,/objects/thumbs/sc1228r_th.jpg,
oc839,,SC 1375,Sciurus niger,Eastern Fox Squirrel ,Mammalia,Rodentia,Sciuromorpha,Sciuridae,"Skeleton, no skull ",Skeleton disarticulated,,Mammal;Rodent;Squirrel;Skeleton,,,,,,,,,,,,,
oc840,,SC 1109,,unknown,Mammalia,Rodentia,,,Skull ,"Rostrum broken off, species determination uncertain",,Mammal;Rodent;Skull,,,,,,,,,,,,,
oc841,,SC 2038,Castor canadensis,American Beaver ,Mammalia,Rodentia,Castorimorpha,Castoridae ,"Skull, mandible ",,,Mammal;Rodent;Skull;Mandible,,,,,,,,,,,,,
oc842,,SC1006,Priodontes maximus ,Giant Armadillo ,Mammalia,Xenarthra,Cingulata,Chlamyphoridae,"Full skeleton, mounted",,,Mammal;Mounted;Skeleton,,,,,,,,,,,,,
oc843,,SC 1080,Choloepus hoffmanni ,Two-Toed Sloth,Mammalia,Xenarthra,Flavoria,Choloepodidae,Skull ,,,Mammal;Sloth;Skull,,,,,Image;StillImage,image/jpg,artifact,compound_object,,/objects/sc1080f.jpg,/objects/small/sc1080f_sm.jpg,/objects/thumbs/sc1080f_th.jpg,
oc844,oc843,,,,,,,,,,,,,,,,Image;StillImage,image/jpg,artifact,artifact_image,,/objects/sc1080f.jpg,/objects/small/sc1080f_sm.jpg,/objects/thumbs/sc1080f_th.jpg,
oc845,oc843,,,,,,,,,,,,,,,,Image;StillImage,image/jpg,artifact,artifact_image,,/objects/sc1080.jpg,/objects/small/sc1080_sm.jpg,/objects/thumbs/sc1080_th.jpg,
oc846,oc843,,,,,,,,,,,,,,,,Image;StillImage,image/jpg,artifact,artifact_image,,/objects/sc1080r.jpg,/objects/small/sc1080r_sm.jpg,/objects/thumbs/sc1080r_th.jpg,
oc847,,SC1005,Choloepus hoffmanni ,Two-Toed Sloth,Mammalia,Xenarthra,Flavoria,Choloepodidae,"Full skeleton, mounted",,,Mammal;Sloth;Mounted;Skeleton,,,,,,,,,,,,,
oc848,,SC 1070,Bradypus variegatus,Brown Throated Sloth,Mammalia,Xenarthra,Folivora ,Pilosa ,"Skull, mandible ",,,Mammal;Sloth;Skull;Mandible,,,,,Image;StillImage,image/jpg,artifact,compound_object,,/objects/sc1070.jpg,/objects/small/sc1070_sm.jpg,/objects/thumbs/sc1070_th.jpg,
oc849,oc848,,,,,,,,,,,,,,,,Image;StillImage,image/jpg,artifact,artifact_image,,/objects/sc1070.jpg,/objects/small/sc1070_sm.jpg,/objects/thumbs/sc1070_th.jpg,
oc850,oc848,,,,,,,,,,,,,,,,Image;StillImage,image/jpg,artifact,artifact_image,,/objects/sc1070f.jpg,/objects/small/sc1070f_sm.jpg,/objects/thumbs/sc1070f_th.jpg,
oc851,oc848,,,,,,,,,,,,,,,,Image;StillImage,image/jpg,artifact,artifact_image,,/objects/sc1070r.jpg,/objects/small/sc1070r_sm.jpg,/objects/thumbs/sc1070r_th.jpg,
oc852,,SC 2037,,Rhinocerous or Elephant,Mammalia,,,,Tusk,,,Mammal;Elephant;Tusk,,,,,Image;StillImage,image/jpg,artifact,compound_object,,/objects/sc2037.jpg,/objects/small/sc2037_sm.jpg,/objects/thumbs/sc2037_th.jpg,
oc853,oc852,,,,,,,,,,,,,,,,Image;StillImage,image/jpg,artifact,artifact_image,,/objects/sc2037.jpg,/objects/small/sc2037_sm.jpg,/objects/thumbs/sc2037_th.jpg,
oc854,oc852,,,,,,,,,,,,,,,,Image;StillImage,image/jpg,artifact,artifact_image,,/objects/sc2037r.jpg,/objects/small/sc2037r_sm.jpg,/objects/thumbs/sc2037r_th.jpg,
oc855,,SC 1371,,unknown,Mammalia,,,,Vertebrae ,Species determination uncertain ,,Mammal;Vertebrae,,,,,,,,,,,,,
oc856,,SC 1372,,unknown,Mammalia,,,,Vertebrae ,Species determination uncertain ,,Mammal;Vertebrae,,,,,,,,,,,,,
oc857,,SC 1461,Alligator mississippiensis,American Alligator,Reptilia,Crocodylia,Eusuchia,Alligatoridae,"Skull, Mandible ",,,Reptile;Alligator;Skull;Mandible,,,,,Image;StillImage,image/jpg,artifact,compound_object,,/objects/sc1461.jpg,/objects/small/sc1461_sm.jpg,/objects/thumbs/sc1461_th.jpg,
oc858,oc857,,,,,,,,,,,,,,,,Image;StillImage,image/jpg,artifact,artifact_image,,/objects/sc1461.jpg,/objects/small/sc1461_sm.jpg,/objects/thumbs/sc1461_th.jpg,
oc859,oc857,,,,,,,,,,,,,,,,Image;StillImage,image/jpg,artifact,artifact_image,,/objects/sc1461r.jpg,/objects/small/sc1461r_sm.jpg,/objects/thumbs/sc1461r_th.jpg,
oc860,,SC 1462,Alligator mississippiensis,American Alligator,Reptilia,Crocodylia,Eusuchia,Alligatoridae,"Skull, Mandible ",,,Reptile;Alligator;Skull;Mandible,,,,,Image;StillImage,image/jpg,artifact,compound_object,,/objects/sc1462.jpg,/objects/small/sc1462_sm.jpg,/objects/thumbs/sc1462_th.jpg,
oc861,oc860,,,,,,,,,,,,,,,,Image;StillImage,image/jpg,artifact,artifact_image,,/objects/sc1462.jpg,/objects/small/sc1462_sm.jpg,/objects/thumbs/sc1462_th.jpg,
oc862,oc860,,,,,,,,,,,,,,,,Image;StillImage,image/jpg,artifact,artifact_image,,/objects/sc1462r.jpg,/objects/small/sc1462r_sm.jpg,/objects/thumbs/sc1462r_th.jpg,
oc863,,SC 1463,Alligator mississippiensis,American Alligator,Reptilia,Crocodylia,Eusuchia,Alligatoridae,"Skull, Mandible ",,,Reptile;Alligator;Skull;Mandible,,,,,Image;StillImage,image/jpg,artifact,compound_object,,/objects/sc1463.jpg,/objects/small/sc1463_sm.jpg,/objects/thumbs/sc1463_th.jpg,
oc864,oc863,,,,,,,,,,,,,,,,Image;StillImage,image/jpg,artifact,artifact_image,,/objects/sc1463.jpg,/objects/small/sc1463_sm.jpg,/objects/thumbs/sc1463_th.jpg,
oc865,oc863,,,,,,,,,,,,,,,,Image;StillImage,image/jpg,artifact,artifact_image,,/objects/sc1463r.jpg,/objects/small/sc1463r_sm.jpg,/objects/thumbs/sc1463r_th.jpg,
oc866,,SC 1464,Alligator mississippiensis,American Alligator,Reptilia,Crocodylia,Eusuchia,Alligatoridae,"Skull, Mandible ",,,Reptile;Alligator;Skull;Mandible,,,,,Image;StillImage,image/jpg,artifact,compound_object,,/objects/sc1464.jpg,/objects/small/sc1464_sm.jpg,/objects/thumbs/sc1464_th.jpg,
oc867,oc866,,,,,,,,,,,,,,,,Image;StillImage,image/jpg,artifact,artifact_image,,/objects/sc1464.jpg,/objects/small/sc1464_sm.jpg,/objects/thumbs/sc1464_th.jpg,
oc868,oc866,,,,,,,,,,,,,,,,Image;StillImage,image/jpg,artifact,artifact_image,,/objects/sc1464r.jpg,/objects/small/sc1464r_sm.jpg,/objects/thumbs/sc1464r_th.jpg,
oc869,,SC 1465,Alligator mississippiensis,American Alligator,Reptilia,Crocodylia,Eusuchia,Alligatoridae,"Skull, Mandible",,,Reptile;Alligator;Skull;Mandible,,,,,Image;StillImage,image/jpg,artifact,compound_object,,/objects/sc1465.jpg,/objects/small/sc1465_sm.jpg,/objects/thumbs/sc1465_th.jpg,
oc870,oc869,,,,,,,,,,,,,,,,Image;StillImage,image/jpg,artifact,artifact_image,,/objects/sc1465.jpg,/objects/small/sc1465_sm.jpg,/objects/thumbs/sc1465_th.jpg,
oc871,oc869,,,,,,,,,,,,,,,,Image;StillImage,image/jpg,artifact,artifact_image,,/objects/sc1465r.jpg,/objects/small/sc1465r_sm.jpg,/objects/thumbs/sc1465r_th.jpg,
oc872,,SC 1466,Alligator mississippiensis,American Alligator,Reptilia,Crocodylia,Eusuchia,Alligatoridae,"Skull, Mandible",,,Reptile;Alligator;Skull;Mandible,,,,,Image;StillImage,image/jpg,artifact,compound_object,,/objects/sc1466.jpg,/objects/small/sc1466_sm.jpg,/objects/thumbs/sc1466_th.jpg,
oc873,oc872,,,,,,,,,,,,,,,,Image;StillImage,image/jpg,artifact,artifact_image,,/objects/sc1466.jpg,/objects/small/sc1466_sm.jpg,/objects/thumbs/sc1466_th.jpg,
oc874,oc872,,,,,,,,,,,,,,,,Image;StillImage,image/jpg,artifact,artifact_image,,/objects/sc1466r.jpg,/objects/small/sc1466r_sm.jpg,/objects/thumbs/sc1466r_th.jpg,
oc875,,SC 1467,Alligator mississippiensis,American Alligator,Reptilia,Crocodylia,Eusuchia,Alligatoridae,"Skull, Mandible",,,Reptile;Alligator;Skull;Mandible,,,,,Image;StillImage,image/jpg,artifact,compound_object,,/objects/sc1467.jpg,/objects/small/sc1467_sm.jpg,/objects/thumbs/sc1467_th.jpg,
oc876,oc875,,,,,,,,,,,,,,,,Image;StillImage,image/jpg,artifact,artifact_image,,/objects/sc1467.jpg,/objects/small/sc1467_sm.jpg,/objects/thumbs/sc1467_th.jpg,
oc877,oc875,,,,,,,,,,,,,,,,Image;StillImage,image/jpg,artifact,artifact_image,,/objects/sc1467r.jpg,/objects/small/sc1467r_sm.jpg,/objects/thumbs/sc1467r_th.jpg,
oc878,,SC 1468,Alligator mississippiensis,American Alligator,Reptilia,Crocodylia,Eusuchia,Alligatoridae,"Skull, Mandible",,,Reptile;Alligator;Skull;Mandible,,,,,Image;StillImage,image/jpg,artifact,compound_object,,/objects/sc1468.jpg,/objects/small/sc1468_sm.jpg,/objects/thumbs/sc1468_th.jpg,
oc879,oc878,,,,,,,,,,,,,,,,Image;StillImage,image/jpg,artifact,artifact_image,,/objects/sc1468.jpg,/objects/small/sc1468_sm.jpg,/objects/thumbs/sc1468_th.jpg,
oc880,oc878,,,,,,,,,,,,,,,,Image;StillImage,image/jpg,artifact,artifact_image,,/objects/sc1468r.jpg,/objects/small/sc1468r_sm.jpg,/objects/thumbs/sc1468r_th.jpg,
oc881,,SC 1469,Alligator mississippiensis,American Alligator,Reptilia,Crocodylia,Eusuchia,Alligatoridae,Full Mounted Skeleton ,,,Reptile;Alligator;Mounted;Skeleton,,,,,,,,,,,,,
oc882,oc881,,,,,,,,,,,,,,,,,,,,,,,,
oc883,,SC 1470,Alligator mississippiensis,American Alligator,Reptilia,Crocodylia,Eusuchia,Alligatoridae,Full Mounted Skeleton ,,,Reptile;Alligator;Mounted;Skeleton,,,,,,,,,,,,,
oc884,,SC 1471,Alligator mississippiensis,American Alligator,Reptilia,Crocodylia,Eusuchia,Alligatoridae,Vertebrae ,,,Reptile;Alligator;Vertebrae,,,,,,,,,,,,,
oc885,,SC 1472,Alligator mississippiensis,American Alligator,Reptilia,Crocodylia,Eusuchia,Alligatoridae,"Skull, Mandible ",,,Reptile;Alligator;Skull;Mandible,,,,,Image;StillImage,image/jpg,artifact,compound_object,,/objects/sc1472.jpg,/objects/small/sc1472_sm.jpg,/objects/thumbs/sc1472_th.jpg,
oc886,oc885,,,,,,,,,,,,,,,,Image;StillImage,image/jpg,artifact,artifact_image,,/objects/sc1472.jpg,/objects/small/sc1472_sm.jpg,/objects/thumbs/sc1472_th.jpg,
oc887,oc885,,,,,,,,,,,,,,,,Image;StillImage,image/jpg,artifact,artifact_image,,/objects/sc1472r.jpg,/objects/small/sc1472r_sm.jpg,/objects/thumbs/sc1472r_th.jpg,
oc888,,SC 1473,Chelydra serpentina,Common Snapping Turtle  ,Reptilia,Testudines,Cryptodira,Chelydridae,"Mounted Skeleton, no skull or mandible ",,,Reptile;Turtle;Snapper;Mounted;Skeleton,,,,,,,,,,,,,
oc889,,SC 1476,Chelydra serpentina,Common Snapping Turtle  ,Reptilia,Testudines,Cryptodira,Chelydridae,Complete Skeleton ,,,Reptile;Turtle;Snapper;Skeleton,,,,,Image;StillImage,image/jpg,artifact,compound_object,,/objects/sc1476f.jpg,/objects/small/sc1476f_sm.jpg,/objects/thumbs/sc1476f_th.jpg,
oc890,oc889,,,,,,,,,,,,,,,,Image;StillImage,image/jpg,artifact,artifact_image,,/objects/sc1476f.jpg,/objects/small/sc1476f_sm.jpg,/objects/thumbs/sc1476f_th.jpg,
oc891,oc889,,,,,,,,,,,,,,,,Image;StillImage,image/jpg,artifact,artifact_image,,/objects/sc1476shell.jpg,/objects/small/sc1476shell_sm.jpg,/objects/thumbs/sc1476shell_th.jpg,
oc892,oc889,,,,,,,,,,,,,,,,Image;StillImage,image/jpg,artifact,artifact_image,,/objects/sc1476t.jpg,/objects/small/sc1476t_sm.jpg,/objects/thumbs/sc1476t_th.jpg,
oc893,,SC 1477,Chelydra serpentina,Common Snapping Turtle  ,Reptilia,Testudines,Cryptodira,Chelydridae,"Skull, mandible ",,,Reptile;Turtle;Snapper;Skull;Manible,,,,,Image;StillImage,image/jpg,artifact,compound_object,,/objects/sc1477.jpg,/objects/small/sc1477_sm.jpg,/objects/thumbs/sc1477_th.jpg,
oc894,oc893,,,,,,,,,,,,,,,,Image;StillImage,image/jpg,artifact,artifact_image,,/objects/sc1477.jpg,/objects/small/sc1477_sm.jpg,/objects/thumbs/sc1477_th.jpg,
oc895,oc893,,,,,,,,,,,,,,,,Image;StillImage,image/jpg,artifact,artifact_image,,/objects/sc1477r.jpg,/objects/small/sc1477r_sm.jpg,/objects/thumbs/sc1477r_th.jpg,
oc896,,SC 1478,Chelydra serpentina,Common Snapping Turtle  ,Reptilia,Testudines,Cryptodira,Chelydridae,"Skull, mandible ",,,Reptile;Turtle;Snapper;Skull;Manible,,,,,Image;StillImage,image/jpg,artifact,compound_object,,/objects/sc1478.jpg,/objects/small/sc1478_sm.jpg,/objects/thumbs/sc1478_th.jpg,
oc897,oc896,,,,,,,,,,,,,,,,Image;StillImage,image/jpg,artifact,artifact_image,,/objects/sc1478.jpg,/objects/small/sc1478_sm.jpg,/objects/thumbs/sc1478_th.jpg,
oc898,oc896,,,,,,,,,,,,,,,,Image;StillImage,image/jpg,artifact,artifact_image,,/objects/sc1478r.jpg,/objects/small/sc1478r_sm.jpg,/objects/thumbs/sc1478r_th.jpg,
oc899,,SC 1479,Chelydra serpentina,Common Snapping Turtle  ,Reptilia,Testudines,Cryptodira,Chelydridae,"Skull, mandible ",,,Reptile;Turtle;Snapper;Skull;Manible,,,,,Image;StillImage,image/jpg,artifact,compound_object,,/objects/sc1479.jpg,/objects/small/sc1479_sm.jpg,/objects/thumbs/sc1479_th.jpg,
oc900,oc899,,,,,,,,,,,,,,,,Image;StillImage,image/jpg,artifact,artifact_image,,/objects/sc1479.jpg,/objects/small/sc1479_sm.jpg,/objects/thumbs/sc1479_th.jpg,
oc901,oc899,,,,,,,,,,,,,,,,Image;StillImage,image/jpg,artifact,artifact_image,,/objects/sc1479r.jpg,/objects/small/sc1479r_sm.jpg,/objects/thumbs/sc1479r_th.jpg,
oc902,,SC 1480,Chelydra serpentina,Common Snapping Turtle  ,Reptilia,Testudines,Cryptodira,Chelydridae,Mandible ,,,Reptile;Turtle;Snapper;Mandible,,,,,Image;StillImage,image/jpg,artifact,artifact_image,,/objects/sc1480r.jpg,/objects/small/sc1480r_sm.jpg,/objects/thumbs/sc1480r_th.jpg,
oc903,,SC 2016,Chelydra serpentina,Common Snapping Turtle  ,Reptilia,Testudines,Cryptodira,Chelydridae,Foot,,,Reptile; Turtle;Snapper;Foot,,,,,,,,,,,,,
oc904,,SC 1481,Cheloniidae sp. ,Sea Turtle ,Reptilia,Testudines,N/A,Cheloniidae,"Skull, mandible ",,,Reptile;Turtle;Skull;Mandible,,,,,Image;StillImage,image/jpg,artifact,compound_object,,/objects/sc1481.jpg,/objects/small/sc1481_sm.jpg,/objects/thumbs/sc1481_th.jpg,
oc905,oc904,,,,,,,,,,,,,,,,Image;StillImage,image/jpg,artifact,artifact_image,,/objects/sc1481.jpg,/objects/small/sc1481_sm.jpg,/objects/thumbs/sc1481_th.jpg,
oc906,oc904,,,,,,,,,,,,,,,,Image;StillImage,image/jpg,artifact,artifact_image,,/objects/sc1481r.jpg,/objects/small/sc1481r_sm.jpg,/objects/thumbs/sc1481r_th.jpg,
oc907,,SC 1482,Cheloniidae sp. ,Sea Turtle ,Reptilia,Testudines,N/A,Cheloniidae,"Skull, mandible ",,,Reptile;Turtle;Skull;Mandible,,,,,Image;StillImage,image/jpg,artifact,compound_object,,/objects/sc1482.jpg,/objects/small/sc1482_sm.jpg,/objects/thumbs/sc1482_th.jpg,
oc908,oc907,,,,,,,,,,,,,,,,Image;StillImage,image/jpg,artifact,artifact_image,,/objects/sc1482.jpg,/objects/small/sc1482_sm.jpg,/objects/thumbs/sc1482_th.jpg,
oc909,oc907,,,,,,,,,,,,,,,,Image;StillImage,image/jpg,artifact,artifact_image,,/objects/sc1482r.jpg,/objects/small/sc1482r_sm.jpg,/objects/thumbs/sc1482r_th.jpg,
oc910,,SC 2002,Cheloniidae sp. ,Sea Turtle ,Reptilia,Testudines,N/A,Cheloniidae,"Skull, mandible ",,,Reptile;Turtle;Skull;Mandible,,,,,Image;StillImage,image/jpg,artifact,compound_object,,/objects/sc2002.jpg,/objects/small/sc2002_sm.jpg,/objects/thumbs/sc2002_th.jpg,
oc911,oc910,,,,,,,,,,,,,,,,Image;StillImage,image/jpg,artifact,artifact_image,,/objects/sc2002.jpg,/objects/small/sc2002_sm.jpg,/objects/thumbs/sc2002_th.jpg,
oc912,oc910,,,,,,,,,,,,,,,,Image;StillImage,image/jpg,artifact,artifact_image,,/objects/sc2002r.jpg,/objects/small/sc2002r_sm.jpg,/objects/thumbs/sc2002r_th.jpg,
oc913,,SC 1483,Macroclemys temminckii,Alligator Snapping Turtle ,Reptilia,Testudines,Cryptodira,Chelydridae,"Skull, mandible ",,,Reptile;Turtle;Snapper;Skull;Mandible,,,,,Image;StillImage,image/jpg,artifact,compound_object,,/objects/sc1483.jpg,/objects/small/sc1483_sm.jpg,/objects/thumbs/sc1483_th.jpg,
oc914,oc913,,,,,,,,,,,,,,,,Image;StillImage,image/jpg,artifact,artifact_image,,/objects/sc1483.jpg,/objects/small/sc1483_sm.jpg,/objects/thumbs/sc1483_th.jpg,
oc915,oc913,,,,,,,,,,,,,,,,Image;StillImage,image/jpg,artifact,artifact_image,,/objects/sc1483f.jpg,/objects/small/sc1483f_sm.jpg,/objects/thumbs/sc1483f_th.jpg,
oc916,oc913,,,,,,,,,,,,,,,,Image;StillImage,image/jpg,artifact,artifact_image,,/objects/sc1483r.jpg,/objects/small/sc1483r_sm.jpg,/objects/thumbs/sc1483r_th.jpg,
oc917,,SC 1484,Iguana sp. ,Iguana,Reptilia,Squamata,Iguania ,Iguanidae,"Skull, mandible ",,,Reptile;Skull;Mandible,,,,,Image;StillImage,image/jpg,artifact,compound_object,,/objects/sc1484.jpg,/objects/small/sc1484_sm.jpg,/objects/thumbs/sc1484_th.jpg,
oc918,oc917,,,,,,,,,,,,,,,,Image;StillImage,image/jpg,artifact,artifact_image,,/objects/sc1484.jpg,/objects/small/sc1484_sm.jpg,/objects/thumbs/sc1484_th.jpg,
oc919,oc917,,,,,,,,,,,,,,,,Image;StillImage,image/jpg,artifact,artifact_image,,/objects/sc1484r.jpg,/objects/small/sc1484r_sm.jpg,/objects/thumbs/sc1484r_th.jpg,
oc920,,SC 1485,Squamata sp. ,,Reptilia,Squamata,,,"Skull, mandible, vertebrae ",,,Reptile;Skull;Mandible;Vertebrae;Articulated,,,,,Image;StillImage,image/jpg,artifact,compound_object,,/objects/sc1485.jpg,/objects/small/sc1485_sm.jpg,/objects/thumbs/sc1485_th.jpg,
oc921,oc920,,,,,,,,,,,,,,,,Image;StillImage,image/jpg,artifact,artifact_image,,/objects/sc1485.jpg,/objects/small/sc1485_sm.jpg,/objects/thumbs/sc1485_th.jpg,
oc922,oc920,,,,,,,,,,,,,,,,Image;StillImage,image/jpg,artifact,artifact_image,,/objects/sc1485r.jpg,/objects/small/sc1485r_sm.jpg,/objects/thumbs/sc1485r_th.jpg,
oc923,,SC 1486,Squamata sp. ,,Reptilia,Squamata,,,"Skull, Mandible ",,,Reptile;Skull;Mandible,,,,,Image;StillImage,image/jpg,artifact,compound_object,,/objects/sc1486.jpg,/objects/small/sc1486_sm.jpg,/objects/thumbs/sc1486_th.jpg,
oc924,oc923,,,,,,,,,,,,,,,,Image;StillImage,image/jpg,artifact,artifact_image,,/objects/sc1486.jpg,/objects/small/sc1486_sm.jpg,/objects/thumbs/sc1486_th.jpg,
oc925,oc923,,,,,,,,,,,,,,,,Image;StillImage,image/jpg,artifact,artifact_image,,/objects/sc1486front.jpg,/objects/small/sc1486front_sm.jpg,/objects/thumbs/sc1486front_th.jpg,
oc926,oc923,,,,,,,,,,,,,,,,Image;StillImage,image/jpg,artifact,artifact_image,,/objects/sc1486r.jpg,/objects/small/sc1486r_sm.jpg,/objects/thumbs/sc1486r_th.jpg,
oc927,,SC 1487,Squamata sp. ,,Reptilia,Squamata,,,"Skull, Mandible ",,,Reptile;Skull;Mandible,,,,,Image;StillImage,image/jpg,artifact,compound_object,,/objects/sc1487.jpg,/objects/small/sc1487_sm.jpg,/objects/thumbs/sc1487_th.jpg,
oc928,oc927,,,,,,,,,,,,,,,,Image;StillImage,image/jpg,artifact,artifact_image,,/objects/sc1487.jpg,/objects/small/sc1487_sm.jpg,/objects/thumbs/sc1487_th.jpg,
oc929,oc927,,,,,,,,,,,,,,,,Image;StillImage,image/jpg,artifact,artifact_image,,/objects/sc1487r.jpg,/objects/small/sc1487r_sm.jpg,/objects/thumbs/sc1487r_th.jpg,
oc930,,SC 1488,Crotalus atrox ,Western Diamondback Rattlesnake ,Reptilia,Squamata,Serpentes ,Viperidae,"Skull, Mandible ",,,Reptile;Snake;Skull;Mandible,,,,,,,,,,,,,
oc931,,SC 1489,Pituophis catenifer sayi,Bullsnake,Reptilia,Squamata,Serpentes ,Colubridae,"Skull, Mandible",,,Reptile;Snake;Skull;Mandible,,,,,,,,,,,,,
oc932,,SC 1490,Python sp. ,Python ,Reptilia,Squamata,Serpentes ,Pythonidae,"Skull, Mandible",,,Reptile;Snake;Skull;Mandible,,,,,Image;StillImage,image/jpg,artifact,compound_object,,/objects/sc1490.jpg,/objects/small/sc1490_sm.jpg,/objects/thumbs/sc1490_th.jpg,
oc933,oc932,,,,,,,,,,,,,,,,Image;StillImage,image/jpg,artifact,artifact_image,,/objects/sc1490.jpg,/objects/small/sc1490_sm.jpg,/objects/thumbs/sc1490_th.jpg,
oc934,oc932,,,,,,,,,,,,,,,,Image;StillImage,image/jpg,artifact,artifact_image,,/objects/sc1490front.jpg,/objects/small/sc1490front_sm.jpg,/objects/thumbs/sc1490front_th.jpg,
oc935,oc932,,,,,,,,,,,,,,,,Image;StillImage,image/jpg,artifact,artifact_image,,/objects/sc1490r.jpg,/objects/small/sc1490r_sm.jpg,/objects/thumbs/sc1490r_th.jpg,
oc936,,SC 1491,Serpentes sp. ,,Reptilia,Squamata,Serpentes ,,Mounted Skeleton ,,,Reptile;Snake;Mounted;Skeleton,,,,,Image;StillImage,image/jpg,artifact,compound_object,,/objects/sc1491.jpg,/objects/small/sc1491_sm.jpg,/objects/thumbs/sc1491_th.jpg,
oc937,oc936,,,,,,,,,,,,,,,,Image;StillImage,image/jpg,artifact,artifact_image,,/objects/sc1491.jpg,/objects/small/sc1491_sm.jpg,/objects/thumbs/sc1491_th.jpg,
oc938,oc936,,,,,,,,,,,,,,,,Image;StillImage,image/jpg,artifact,artifact_image,,/objects/sc1491front.jpg,/objects/small/sc1491front_sm.jpg,/objects/thumbs/sc1491front_th.jpg,
oc939,,SC 2015,Testudines sp. ,Turtle ,Reptilia,Testudines,,,Fossilized Shell ,,,Reptile;Turtle;Shell;Fossil,,,,,Image;StillImage,image/jpg,artifact,artifact_image,,/objects/sc2015r.jpg,/objects/small/sc2015r_sm.jpg,/objects/thumbs/sc2015r_th.jpg,
oc940,,SC 2020, Carcharhinus brevipinna,Spinner Shark,Chondrichthyes,Carcharhiniformes,Carcharhinoidei,Carcharhinidae,Jaw ,,,Shark;Marine;Jaw,,,,,Image;StillImage,image/jpg,artifact,compound_object,,/objects/sc2020.jpg,/objects/small/sc2020_sm.jpg,/objects/thumbs/sc2020_th.jpg,
oc941,oc940,,,,,,,,,,,,,,,,Image;StillImage,image/jpg,artifact,artifact_image,,/objects/sc2020.jpg,/objects/small/sc2020_sm.jpg,/objects/thumbs/sc2020_th.jpg,
oc942,oc940,,,,,,,,,,,,,,,,Image;StillImage,image/jpg,artifact,artifact_image,,/objects/sc2020s.jpg,/objects/small/sc2020s_sm.jpg,/objects/thumbs/sc2020s_th.jpg,
oc943,oc940,,,,,,,,,,,,,,,,Image;StillImage,image/jpg,artifact,artifact_image,,/objects/sc2020r.jpg,/objects/small/sc2020r_sm.jpg,/objects/thumbs/sc2020r_th.jpg,
oc944,,SC 2022,Otodus megalodon,Megalodon ,Chondrichthyes, Lamniformes,Selachii ,Otodontidae ,Tooth,,,Shak;Marine;Tooth;Fossil;Extinct,,,,,Image;StillImage,image/jpg,artifact,compound_object,,/objects/sc2022.jpg,/objects/small/sc2022_sm.jpg,/objects/thumbs/sc2022_th.jpg,
oc945,oc944,,,,,,,,,,,,,,,,Image;StillImage,image/jpg,artifact,artifact_image,,/objects/sc2022.jpg,/objects/small/sc2022_sm.jpg,/objects/thumbs/sc2022_th.jpg,
oc946,oc944,,,,,,,,,,,,,,,,Image;StillImage,image/jpg,artifact,artifact_image,,/objects/sc2022r.jpg,/objects/small/sc2022r_sm.jpg,/objects/thumbs/sc2022r_th.jpg,
oc947,,SC 2023,Otodus chubutensis or Otodus angustidens,Megalodon Ancestors,Chondrichthyes, Lamniformes,Selachii ,Otodontidae ,Tooth,,,Shak;Marine;Tooth;Fossil;Extinct,,,,,Image;StillImage,image/jpg,artifact,compound_object,,/objects/sc2023.jpg,/objects/small/sc2023_sm.jpg,/objects/thumbs/sc2023_th.jpg,
oc948,oc947,,,,,,,,,,,,,,,,Image;StillImage,image/jpg,artifact,artifact_image,,/objects/sc2023.jpg,/objects/small/sc2023_sm.jpg,/objects/thumbs/sc2023_th.jpg,
oc949,oc947,,,,,,,,,,,,,,,,Image;StillImage,image/jpg,artifact,artifact_image,,/objects/sc2023r.jpg,/objects/small/sc2023r_sm.jpg,/objects/thumbs/sc2023r_th.jpg,
oc950,,SC 2024,Chondrichthyes sp. ,Shark,Chondrichthyes,,,,Tooth,,,Shak;Tooth;Fossil,,,,,Image;StillImage,image/jpg,artifact,compound_object,,/objects/sc2024.jpg,/objects/small/sc2024_sm.jpg,/objects/thumbs/sc2024_th.jpg,
oc951,oc950,,,,,,,,,,,,,,,,Image;StillImage,image/jpg,artifact,artifact_image,,/objects/sc2024.jpg,/objects/small/sc2024_sm.jpg,/objects/thumbs/sc2024_th.jpg,
oc952,oc950,,,,,,,,,,,,,,,,Image;StillImage,image/jpg,artifact,artifact_image,,/objects/sc2024r.jpg,/objects/small/sc2024r_sm.jpg,/objects/thumbs/sc2024r_th.jpg,
oc953,,SC 2025,Hippocampus sp.,Seahorse,Actinopterygii,Syngnathiformes,,Syngnathidae,Dried Skeleton,,,Fish;Marine;Skeleton,,,,,Image;StillImage,image/jpg,artifact,compound_object,,/objects/sc2025.jpg,/objects/small/sc2025_sm.jpg,/objects/thumbs/sc2025_th.jpg,
oc954,oc953,,,,,,,,,,,,,,,,Image;StillImage,image/jpg,artifact,artifact_image,,/objects/sc2025.jpg,/objects/small/sc2025_sm.jpg,/objects/thumbs/sc2025_th.jpg,
oc955,oc953,,,,,,,,,,,,,,,,Image;StillImage,image/jpg,artifact,artifact_image,,/objects/sc2025r.jpg,/objects/small/sc2025r_sm.jpg,/objects/thumbs/sc2025r_th.jpg,
oc956,,SC 2026,Hippocampus sp.,Seahorse,Actinopterygii,Syngnathiformes,,Syngnathidae,Dried Skeleton,,,Fish;Marine;Skeleton,,,,,Image;StillImage,image/jpg,artifact,compound_object,,/objects/sc2026.jpg,/objects/small/sc2026_sm.jpg,/objects/thumbs/sc2026_th.jpg,
oc957,oc956,,,,,,,,,,,,,,,,Image;StillImage,image/jpg,artifact,artifact_image,,/objects/sc2026.jpg,/objects/small/sc2026_sm.jpg,/objects/thumbs/sc2026_th.jpg,
oc958,oc956,,,,,,,,,,,,,,,,Image;StillImage,image/jpg,artifact,artifact_image,,/objects/sc2026r.jpg,/objects/small/sc2026r_sm.jpg,/objects/thumbs/sc2026r_th.jpg,
oc959,,SC 2027,Hippocampus sp. ,Seahorse,Actinopterygii,Syngnathiformes,,Syngnathidae,Dried Skeleton,,,Fish;Marine;Skeleton,,,,,Image;StillImage,image/jpg,artifact,compound_object,,/objects/sc2027.jpg,/objects/small/sc2027_sm.jpg,/objects/thumbs/sc2027_th.jpg,
oc960,oc959,,,,,,,,,,,,,,,,Image;StillImage,image/jpg,artifact,artifact_image,,/objects/sc2027.jpg,/objects/small/sc2027_sm.jpg,/objects/thumbs/sc2027_th.jpg,
oc961,oc959,,,,,,,,,,,,,,,,Image;StillImage,image/jpg,artifact,artifact_image,,/objects/sc2027r.jpg,/objects/small/sc2027r_sm.jpg,/objects/thumbs/sc2027r_th.jpg,
oc962,,SC 2028,Hippocampus sp. ,Seahorse,Actinopterygii,Syngnathiformes,,Syngnathidae,Dried Skeleton,,,Fish;Marine;Skeleton,,,,,Image;StillImage,image/jpg,artifact,compound_object,,/objects/sc2028.jpg,/objects/small/sc2028_sm.jpg,/objects/thumbs/sc2028_th.jpg,
oc963,oc962,,,,,,,,,,,,,,,,Image;StillImage,image/jpg,artifact,artifact_image,,/objects/sc2028.jpg,/objects/small/sc2028_sm.jpg,/objects/thumbs/sc2028_th.jpg,
oc964,oc962,,,,,,,,,,,,,,,,Image;StillImage,image/jpg,artifact,artifact_image,,/objects/sc2028r.jpg,/objects/small/sc2028r_sm.jpg,/objects/thumbs/sc2028r_th.jpg,
oc965,,SC 2029,Tetraodontidae sp. ,Pufferfish,Actinopteri,Tetraodontiformes,Tetraodontoidei,Tetraodontidae,Dried Skeleton,,,Fish;Marine;Skeleton,,,,,Image;StillImage,image/jpg,artifact,compound_object,,/objects/sc2029.jpg,/objects/small/sc2029_sm.jpg,/objects/thumbs/sc2029_th.jpg,
oc966,oc965,,,,,,,,,,,,,,,,Image;StillImage,image/jpg,artifact,artifact_image,,/objects/sc2029.jpg,/objects/small/sc2029_sm.jpg,/objects/thumbs/sc2029_th.jpg,
oc967,oc965,,,,,,,,,,,,,,,,Image;StillImage,image/jpg,artifact,artifact_image,,/objects/sc2029r.jpg,/objects/small/sc2029r_sm.jpg,/objects/thumbs/sc2029r_th.jpg,
oc968,,SC 2021,Rajidae sp. ,Skates,Chondrichthyes,Rajiformes,,Rajidae,Egg,,,Fish;Marine;Egg,,,,,Image;StillImage,image/jpg,artifact,compound_object,,/objects/sc2021.jpg,/objects/small/sc2021_sm.jpg,/objects/thumbs/sc2021_th.jpg,
oc969,oc968,,,,,,,,,,,,,,,,Image;StillImage,image/jpg,artifact,artifact_image,,/objects/sc2021.jpg,/objects/small/sc2021_sm.jpg,/objects/thumbs/sc2021_th.jpg,
oc970,oc968,,,,,,,,,,,,,,,,Image;StillImage,image/jpg,artifact,artifact_image,,/objects/sc2021r.jpg,/objects/small/sc2021r_sm.jpg,/objects/thumbs/sc2021r_th.jpg,
oc971,,SC 2003,Notorynchus primigenius,Prehistoric Cow Shark,Chondrichthyes,Hexanchiformes,Hexanchoidei ,Hexanchidae,Fossilized Teeth ,,,Shark;Marine;Tooth;Fossil;Extinct,,,,,Image;StillImage,image/jpg,artifact,compound_object,,/objects/sc2003.jpg,/objects/small/sc2003_sm.jpg,/objects/thumbs/sc2003_th.jpg,
oc972,oc971,,,,,,,,,,,,,,,,Image;StillImage,image/jpg,artifact,artifact_image,,/objects/sc2003.jpg,/objects/small/sc2003_sm.jpg,/objects/thumbs/sc2003_th.jpg,
oc973,oc971,,,,,,,,,,,,,,,,Image;StillImage,image/jpg,artifact,artifact_image,,/objects/sc2003r.jpg,/objects/small/sc2003r_sm.jpg,/objects/thumbs/sc2003r_th.jpg,